ipca_17_lead,desemprego.pnadc_17_lead,ipca_34_lead,desemprego.pnadc_34_lead,selic
0.8796582796317113,0.4609864258618097,-0.5576613496869465,1.6384147404119718,22.0
0.3139805047265959,0.4765815028757188,-0.596796290089187,1.4512738162450585,22.0
0.3139805047265959,0.4765815028757188,-0.596796290089187,1.4512738162450585,22.0
0.3139805047265959,0.4765815028757188,-0.596796290089187,1.4512738162450585,20.8571428571429
0.3139805047265959,0.4765815028757188,-0.596796290089187,1.4512738162450585,20.0
-0.048907124457817516,1.0380042753764576,-0.596796290089187,1.4512738162450585,20.0
-0.048907124457817516,1.0380042753764576,-0.2730436013070144,1.0613968908973226,20.0
-0.048907124457817516,1.0380042753764576,-0.2730436013070144,1.0613968908973226,20.0
-0.048907124457817516,1.0380042753764576,-0.2730436013070144,1.0613968908973226,19.4285714285714
-0.048907124457817516,1.0380042753764576,-0.2730436013070144,1.0613968908973226,19.0
-0.33352487283774995,1.4902615087798312,-0.006214462200827965,0.9288387362790924,19.0
-0.33352487283774995,1.4902615087798312,-0.006214462200827965,0.9288387362790924,19.0
-0.33352487283774995,1.4902615087798312,-0.006214462200827965,0.9288387362790924,18.1428571428571
-0.33352487283774995,1.4902615087798312,-0.006214462200827965,0.9288387362790924,17.5
-0.5576613496869465,1.6384147404119718,0.1254212464248907,0.8118756586747714,17.5
-0.5576613496869465,1.6384147404119718,0.1254212464248907,0.8118756586747714,17.5
-0.5576613496869465,1.6384147404119718,0.1254212464248907,0.8118756586747714,16.928571428571402
-0.5576613496869465,1.6384147404119718,0.1254212464248907,0.8118756586747714,16.5
-0.596796290089187,1.4512738162450585,0.1254212464248907,0.8118756586747714,16.5
-0.596796290089187,1.4512738162450585,-0.04534940260306844,0.7183051965913154,16.5
-0.596796290089187,1.4512738162450585,-0.04534940260306844,0.7183051965913154,16.5
-0.596796290089187,1.4512738162450585,-0.04534940260306844,0.7183051965913154,16.5
-0.596796290089187,1.4512738162450585,-0.04534940260306844,0.7183051965913154,16.5
-0.2730436013070144,1.0613968908973226,0.011574147072918048,0.6637224270426322,16.5
-0.2730436013070144,1.0613968908973226,0.011574147072918048,0.6637224270426322,16.5
-0.2730436013070144,1.0613968908973226,0.011574147072918048,0.6637224270426322,16.5
-0.2730436013070144,1.0613968908973226,0.011574147072918048,0.6637224270426322,16.5
-0.006214462200827965,0.9288387362790924,0.011574147072918048,0.6637224270426322,16.5
-0.006214462200827965,0.9288387362790924,0.1467675775533858,0.4531888873548538,16.5
-0.006214462200827965,0.9288387362790924,0.1467675775533858,0.4531888873548538,16.3571428571429
-0.006214462200827965,0.9288387362790924,0.1467675775533858,0.4531888873548538,16.25
0.1254212464248907,0.8118756586747714,0.1467675775533858,0.4531888873548538,16.25
0.1254212464248907,0.8118756586747714,0.2748455643243551,0.4843790413826734,16.25
0.1254212464248907,0.8118756586747714,0.2748455643243551,0.4843790413826734,16.1071428571429
0.1254212464248907,0.8118756586747714,0.2748455643243551,0.4843790413826734,16.0
0.1254212464248907,0.8118756586747714,0.2748455643243551,0.4843790413826734,16.0
-0.04534940260306844,0.7183051965913154,0.2748455643243551,0.4843790413826734,16.0
-0.04534940260306844,0.7183051965913154,0.20724884908412136,0.5935445804800399,16.0
-0.04534940260306844,0.7183051965913154,0.20724884908412136,0.5935445804800399,16.0
-0.04534940260306844,0.7183051965913154,0.20724884908412136,0.5935445804800399,16.0
0.011574147072918048,0.6637224270426322,0.20724884908412136,0.5935445804800399,16.0
0.011574147072918048,0.6637224270426322,0.2001334053746229,1.014611659855594,16.0
0.011574147072918048,0.6637224270426322,0.2001334053746229,1.014611659855594,16.0
0.011574147072918048,0.6637224270426322,0.2001334053746229,1.014611659855594,16.0
0.011574147072918048,0.6637224270426322,0.2001334053746229,1.014611659855594,16.0
0.1467675775533858,0.4531888873548538,0.2534992331958603,1.2953230461059633,16.0
0.1467675775533858,0.4531888873548538,0.2534992331958603,1.2953230461059633,16.0
0.1467675775533858,0.4531888873548538,0.2534992331958603,1.2953230461059633,16.0
0.1467675775533858,0.4531888873548538,0.2534992331958603,1.2953230461059633,16.0
0.2748455643243551,0.4843790413826734,0.44205849149756543,1.3031205846129192,16.0
0.2748455643243551,0.4843790413826734,0.44205849149756543,1.3031205846129192,16.0
0.2748455643243551,0.4843790413826734,0.44205849149756543,1.3031205846129192,16.0
0.2748455643243551,0.4843790413826734,0.44205849149756543,1.3031205846129192,16.0
0.2748455643243551,0.4843790413826734,0.4349430477880673,1.0613968908973226,16.0
0.20724884908412136,0.5935445804800399,0.4349430477880673,1.0613968908973226,16.0
0.20724884908412136,0.5935445804800399,0.4349430477880673,1.0613968908973226,16.1428571428571
0.20724884908412136,0.5935445804800399,0.4349430477880673,1.0613968908973226,16.25
0.20724884908412136,0.5935445804800399,0.4349430477880673,1.0613968908973226,16.25
0.2001334053746229,1.014611659855594,0.15744074311763304,0.8508633512095456,16.25
0.2001334053746229,1.014611659855594,0.15744074311763304,0.8508633512095456,16.25
0.2001334053746229,1.014611659855594,0.15744074311763304,0.8508633512095456,16.5357142857143
0.2001334053746229,1.014611659855594,0.15744074311763304,0.8508633512095456,16.75
0.2534992331958603,1.2953230461059633,-0.09159978671480737,0.7728879661399973,16.75
0.2534992331958603,1.2953230461059633,-0.09159978671480737,0.7728879661399973,16.75
0.2534992331958603,1.2953230461059633,-0.09159978671480737,0.7728879661399973,17.0357142857143
0.2534992331958603,1.2953230461059633,-0.09159978671480737,0.7728879661399973,17.25
0.44205849149756543,1.3031205846129192,-0.09159978671480737,0.7728879661399973,17.25
0.44205849149756543,1.3031205846129192,-0.28727448872601097,0.9600288903069109,17.25
0.44205849149756543,1.3031205846129192,-0.28727448872601097,0.9600288903069109,17.5357142857143
0.44205849149756543,1.3031205846129192,-0.28727448872601097,0.9600288903069109,17.75
0.4349430477880673,1.0613968908973226,-0.28727448872601097,0.9600288903069109,17.75
0.4349430477880673,1.0613968908973226,-0.2801590450165125,1.1237771989529604,17.75
0.4349430477880673,1.0613968908973226,-0.2801590450165125,1.1237771989529604,17.75
0.4349430477880673,1.0613968908973226,-0.2801590450165125,1.1237771989529604,18.0357142857143
0.4349430477880673,1.0613968908973226,-0.2801590450165125,1.1237771989529604,18.25
0.15744074311763304,0.8508633512095456,-0.16631194566453955,1.0691944294042772,18.25
0.15744074311763304,0.8508633512095456,-0.16631194566453955,1.0691944294042772,18.25
0.15744074311763304,0.8508633512095456,-0.16631194566453955,1.0691944294042772,18.5357142857143
0.15744074311763304,0.8508633512095456,-0.16631194566453955,1.0691944294042772,18.75
-0.09159978671480737,0.7728879661399973,-0.16631194566453955,1.0691944294042772,18.75
-0.09159978671480737,0.7728879661399973,-0.2161200516310279,0.6559248885356777,18.75
-0.09159978671480737,0.7728879661399973,-0.2161200516310279,0.6559248885356777,19.0357142857143
-0.09159978671480737,0.7728879661399973,-0.2161200516310279,0.6559248885356777,19.25
-0.09159978671480737,0.7728879661399973,-0.2161200516310279,0.6559248885356777,19.25
-0.28727448872601097,0.9600288903069109,-0.4046793099327327,0.4609864258618097,19.25
-0.28727448872601097,0.9600288903069109,-0.4046793099327327,0.4609864258618097,19.25
-0.28727448872601097,0.9600288903069109,-0.4046793099327327,0.4609864258618097,19.3928571428571
-0.28727448872601097,0.9600288903069109,-0.4046793099327327,0.4609864258618097,19.5
-0.2801590450165125,1.1237771989529604,-0.4046793099327327,0.4609864258618097,19.5
-0.2801590450165125,1.1237771989529604,-0.4011215880779837,0.4687839643687643,19.5
-0.2801590450165125,1.1237771989529604,-0.4011215880779837,0.4687839643687643,19.6428571428571
-0.2801590450165125,1.1237771989529604,-0.4011215880779837,0.4687839643687643,19.75
-0.16631194566453955,1.0691944294042772,-0.4011215880779837,0.4687839643687643,19.75
-0.16631194566453955,1.0691944294042772,-0.4687183033182177,0.8742559667304093,19.75
-0.16631194566453955,1.0691944294042772,-0.4687183033182177,0.8742559667304093,19.75
-0.16631194566453955,1.0691944294042772,-0.4687183033182177,0.8742559667304093,19.75
-0.16631194566453955,1.0691944294042772,-0.4687183033182177,0.8742559667304093,19.75
-0.2161200516310279,0.6559248885356777,-0.5363150185584514,1.0458018138834135,19.75
-0.2161200516310279,0.6559248885356777,-0.5363150185584514,1.0458018138834135,19.75
-0.2161200516310279,0.6559248885356777,-0.5363150185584514,1.0458018138834135,19.75
-0.2161200516310279,0.6559248885356777,-0.5363150185584514,1.0458018138834135,19.75
-0.4046793099327327,0.4609864258618097,-0.7817978265361429,0.9678264288138652,19.75
-0.4046793099327327,0.4609864258618097,-0.7817978265361429,0.9678264288138652,19.75
-0.4046793099327327,0.4609864258618097,-0.7817978265361429,0.9678264288138652,19.75
-0.4046793099327327,0.4609864258618097,-0.7817978265361429,0.9678264288138652,19.75
-0.4046793099327327,0.4609864258618097,-0.7817978265361429,0.9678264288138652,19.75
-0.4011215880779837,0.4687839643687643,-0.9241067007261088,0.8742559667304093,19.75
-0.4011215880779837,0.4687839643687643,-0.9241067007261088,0.8742559667304093,19.6071428571429
-0.4011215880779837,0.4687839643687643,-0.9241067007261088,0.8742559667304093,19.5
-0.4011215880779837,0.4687839643687643,-0.9241067007261088,0.8742559667304093,19.5
-0.4687183033182177,0.8742559667304093,-0.995261137821092,0.8742559667304093,19.5
-0.4687183033182177,0.8742559667304093,-0.995261137821092,0.8742559667304093,19.5
-0.4687183033182177,0.8742559667304093,-0.995261137821092,0.8742559667304093,19.2142857142857
-0.4687183033182177,0.8742559667304093,-0.995261137821092,0.8742559667304093,19.0
-0.5363150185584514,1.0458018138834135,-1.016607468949587,0.8898510437443183,19.0
-0.5363150185584514,1.0458018138834135,-1.016607468949587,0.8898510437443183,19.0
-0.5363150185584514,1.0458018138834135,-1.016607468949587,0.8898510437443183,19.0
-0.5363150185584514,1.0458018138834135,-1.016607468949587,0.8898510437443183,18.7142857142857
-0.7817978265361429,0.9678264288138652,-1.016607468949587,0.8898510437443183,18.5
-0.7817978265361429,0.9678264288138652,-1.0628578530613262,0.6949125810704504,18.5
-0.7817978265361429,0.9678264288138652,-1.0628578530613262,0.6949125810704504,18.2142857142857
-0.7817978265361429,0.9678264288138652,-1.0628578530613262,0.6949125810704504,18.0
-0.7817978265361429,0.9678264288138652,-1.0628578530613262,0.6949125810704504,18.0
-0.9241067007261088,0.8742559667304093,-1.112665959027814,0.3674159637783523,18.0
-0.9241067007261088,0.8742559667304093,-1.112665959027814,0.3674159637783523,18.0
-0.9241067007261088,0.8742559667304093,-1.112665959027814,0.3674159637783523,17.571428571428598
-0.9241067007261088,0.8742559667304093,-1.112665959027814,0.3674159637783523,17.25
-0.995261137821092,0.8742559667304093,-1.2692057206367768,0.14908488558362076,17.25
-0.995261137821092,0.8742559667304093,-1.2692057206367768,0.14908488558362076,17.25
-0.995261137821092,0.8742559667304093,-1.2692057206367768,0.14908488558362076,17.25
-0.995261137821092,0.8742559667304093,-1.2692057206367768,0.14908488558362076,17.25
-1.016607468949587,0.8898510437443183,-1.2692057206367768,0.14908488558362076,17.25
-1.016607468949587,0.8898510437443183,-1.3545910451507566,-0.21739942424325145,16.821428571428598
-1.016607468949587,0.8898510437443183,-1.3545910451507566,-0.21739942424325145,16.5
-1.016607468949587,0.8898510437443183,-1.3545910451507566,-0.21739942424325145,16.5
-1.016607468949587,0.8898510437443183,-1.3545910451507566,-0.21739942424325145,16.5
-1.0628578530613262,0.6949125810704504,-1.3118983828937667,-0.318767424833662,16.5
-1.0628578530613262,0.6949125810704504,-1.3118983828937667,-0.318767424833662,16.5
-1.0628578530613262,0.6949125810704504,-1.3118983828937667,-0.318767424833662,15.964285714285701
-1.0628578530613262,0.6949125810704504,-1.3118983828937667,-0.318767424833662,15.75
-1.112665959027814,0.3674159637783523,-1.3118983828937667,-0.318767424833662,15.75
-1.112665959027814,0.3674159637783523,-1.3652642107150041,-0.2096018857362969,15.75
-1.112665959027814,0.3674159637783523,-1.3652642107150041,-0.2096018857362969,15.75
-1.112665959027814,0.3674159637783523,-1.3652642107150041,-0.2096018857362969,15.75
-1.2692057206367768,0.14908488558362076,-1.3652642107150041,-0.2096018857362969,15.464285714285701
-1.2692057206367768,0.14908488558362076,-1.3545910451507566,0.2816430402018509,15.25
-1.2692057206367768,0.14908488558362076,-1.3545910451507566,0.2816430402018509,15.25
-1.2692057206367768,0.14908488558362076,-1.3545910451507566,0.2816430402018509,15.25
-1.2692057206367768,0.14908488558362076,-1.3545910451507566,0.2816430402018509,15.25
-1.3545910451507566,-0.21739942424325145,-1.3759373762792515,0.5467593494383112,15.25
-1.3545910451507566,-0.21739942424325145,-1.3759373762792515,0.5467593494383112,15.25
-1.3545910451507566,-0.21739942424325145,-1.3759373762792515,0.5467593494383112,14.964285714285701
-1.3545910451507566,-0.21739942424325145,-1.3759373762792515,0.5467593494383112,14.75
-1.3118983828937667,-0.318767424833662,-1.3617064888602548,0.6637224270426322,14.75
-1.3118983828937667,-0.318767424833662,-1.3617064888602548,0.6637224270426322,14.75
-1.3118983828937667,-0.318767424833662,-1.3617064888602548,0.6637224270426322,14.75
-1.3118983828937667,-0.318767424833662,-1.3617064888602548,0.6637224270426322,14.75
-1.3118983828937667,-0.318767424833662,-1.3617064888602548,0.6637224270426322,14.464285714285701
-1.3652642107150041,-0.2096018857362969,-1.29766749547477,0.5857470419730839,14.25
-1.3652642107150041,-0.2096018857362969,-1.29766749547477,0.5857470419730839,14.25
-1.3652642107150041,-0.2096018857362969,-1.29766749547477,0.5857470419730839,14.25
-1.3652642107150041,-0.2096018857362969,-1.29766749547477,0.5857470419730839,14.25
-1.3545910451507566,0.2816430402018509,-1.1162236808825634,0.4609864258618097,14.25
-1.3545910451507566,0.2816430402018509,-1.1162236808825634,0.4609864258618097,14.25
-1.3545910451507566,0.2816430402018509,-1.1162236808825634,0.4609864258618097,13.964285714285701
-1.3545910451507566,0.2816430402018509,-1.1162236808825634,0.4609864258618097,13.75
-1.3759373762792515,0.5467593494383112,-1.0984350716088176,0.3596184252713978,13.75
-1.3759373762792515,0.5467593494383112,-1.0984350716088176,0.3596184252713978,13.75
-1.3759373762792515,0.5467593494383112,-1.0984350716088176,0.3596184252713978,13.75
-1.3759373762792515,0.5467593494383112,-1.0984350716088176,0.3596184252713978,13.75
-1.3617064888602548,0.6637224270426322,-1.0984350716088176,0.3596184252713978,13.464285714285701
-1.3617064888602548,0.6637224270426322,-0.9418953099998548,0.2348578091601222,13.25
-1.3617064888602548,0.6637224270426322,-0.9418953099998548,0.2348578091601222,13.25
-1.3617064888602548,0.6637224270426322,-0.9418953099998548,0.2348578091601222,13.25
-1.3617064888602548,0.6637224270426322,-0.9418953099998548,0.2348578091601222,13.84375
-1.29766749547477,0.5857470419730839,-0.9525684755641022,0.08670457752798298,13.0
-1.29766749547477,0.5857470419730839,-0.9525684755641022,0.08670457752798298,13.25
-1.29766749547477,0.5857470419730839,-0.9525684755641022,0.08670457752798298,13.25
-1.29766749547477,0.5857470419730839,-0.9525684755641022,0.08670457752798298,13.107142857142902
-1.1162236808825634,0.4609864258618097,-0.9525684755641022,0.08670457752798298,13.0
-1.1162236808825634,0.4609864258618097,-0.9632416411283498,-0.2096018857362969,13.0
-1.1162236808825634,0.4609864258618097,-0.9632416411283498,-0.2096018857362969,13.0
-1.1162236808825634,0.4609864258618097,-0.9632416411283498,-0.2096018857362969,13.0
-1.0984350716088176,0.3596184252713978,-0.9632416411283498,-0.2096018857362969,13.0
-1.0984350716088176,0.3596184252713978,-0.9383375881451056,-0.5760861955631678,12.857142857142902
-1.0984350716088176,0.3596184252713978,-0.9383375881451056,-0.5760861955631678,12.75
-1.0984350716088176,0.3596184252713978,-0.9383375881451056,-0.5760861955631678,12.75
-1.0984350716088176,0.3596184252713978,-0.9383375881451056,-0.5760861955631678,12.75
-0.9418953099998548,0.2348578091601222,-0.8422790980668786,-0.732036965702263,12.75
-0.9418953099998548,0.2348578091601222,-0.8422790980668786,-0.732036965702263,12.75
-0.9418953099998548,0.2348578091601222,-0.8422790980668786,-0.732036965702263,12.607142857142902
-0.9418953099998548,0.2348578091601222,-0.8422790980668786,-0.732036965702263,12.5
-0.9525684755641022,0.08670457752798298,-0.8422790980668786,-0.732036965702263,12.5
-0.9525684755641022,0.08670457752798298,-0.8067018795193872,-0.5994788110840328,12.5
-0.9525684755641022,0.08670457752798298,-0.8067018795193872,-0.5994788110840328,12.5
-0.9525684755641022,0.08670457752798298,-0.8067018795193872,-0.5994788110840328,12.5
-0.9525684755641022,0.08670457752798298,-0.8067018795193872,-0.5994788110840328,12.5
-0.9632416411283498,-0.2096018857362969,-0.7889132702456412,-0.2875772708058438,12.285714285714299
-0.9632416411283498,-0.2096018857362969,-0.7889132702456412,-0.2875772708058438,12.0
-0.9632416411283498,-0.2096018857362969,-0.7889132702456412,-0.2875772708058438,12.0
-0.9632416411283498,-0.2096018857362969,-0.7889132702456412,-0.2875772708058438,12.0
-0.9383375881451056,-0.5760861955631678,-0.7462206079886513,-0.12382896215979408,12.0
-0.9383375881451056,-0.5760861955631678,-0.7462206079886513,-0.12382896215979408,12.0
-0.9383375881451056,-0.5760861955631678,-0.7462206079886513,-0.12382896215979408,11.714285714285701
-0.9383375881451056,-0.5760861955631678,-0.7462206079886513,-0.12382896215979408,11.5
-0.8422790980668786,-0.732036965702263,-0.7462206079886513,-0.12382896215979408,11.5
-0.8422790980668786,-0.732036965702263,-0.6359312304914277,-0.2953748093127984,11.5
-0.8422790980668786,-0.732036965702263,-0.6359312304914277,-0.2953748093127984,11.5
-0.8422790980668786,-0.732036965702263,-0.6359312304914277,-0.2953748093127984,11.5
-0.8422790980668786,-0.732036965702263,-0.6359312304914277,-0.2953748093127984,11.5
-0.8067018795193872,-0.5994788110840328,-0.4438142503349735,-0.4435280409449376,11.357142857142902
-0.8067018795193872,-0.5994788110840328,-0.4438142503349735,-0.4435280409449376,11.25
-0.8067018795193872,-0.5994788110840328,-0.4438142503349735,-0.4435280409449376,11.25
-0.8067018795193872,-0.5994788110840328,-0.4438142503349735,-0.4435280409449376,11.25
-0.7889132702456412,-0.2875772708058438,-0.2730436013070144,-0.5293009645214404,11.25
-0.7889132702456412,-0.2875772708058438,-0.2730436013070144,-0.5293009645214404,11.25
-0.7889132702456412,-0.2875772708058438,-0.2730436013070144,-0.5293009645214404,11.25
-0.7889132702456412,-0.2875772708058438,-0.2730436013070144,-0.5293009645214404,11.25
-0.7462206079886513,-0.12382896215979408,-0.2730436013070144,-0.5293009645214404,11.25
-0.7462206079886513,-0.12382896215979408,-0.1627542238097905,-0.5760861955631678,11.25
-0.7462206079886513,-0.12382896215979408,-0.1627542238097905,-0.5760861955631678,11.25
-0.7462206079886513,-0.12382896215979408,-0.1627542238097905,-0.5760861955631678,11.25
-0.7462206079886513,-0.12382896215979408,-0.1627542238097905,-0.5760861955631678,11.25
-0.6359312304914277,-0.2953748093127984,-0.2339086609047736,-0.5916812725770783,11.25
-0.6359312304914277,-0.2953748093127984,-0.2339086609047736,-0.5916812725770783,11.25
-0.6359312304914277,-0.2953748093127984,-0.2339086609047736,-0.5916812725770783,11.25
-0.6359312304914277,-0.2953748093127984,-0.2339086609047736,-0.5916812725770783,11.25
-0.4438142503349735,-0.4435280409449376,-0.2339086609047736,-0.5916812725770783,12.083333333333302
-0.4438142503349735,-0.4435280409449376,-0.20544688606678035,-0.7242394271953077,11.25
-0.4438142503349735,-0.4435280409449376,-0.20544688606678035,-0.7242394271953077,11.25
-0.4438142503349735,-0.4435280409449376,-0.20544688606678035,-0.7242394271953077,11.25
-0.2730436013070144,-0.5293009645214404,-0.20544688606678035,-0.7242394271953077,11.25
-0.2730436013070144,-0.5293009645214404,-0.14852333639079388,-0.6540615806327154,11.25
-0.2730436013070144,-0.5293009645214404,-0.14852333639079388,-0.6540615806327154,11.25
-0.2730436013070144,-0.5293009645214404,-0.14852333639079388,-0.6540615806327154,11.25
-0.2730436013070144,-0.5293009645214404,-0.14852333639079388,-0.6540615806327154,11.25
-0.1627542238097905,-0.5760861955631678,-0.15563878010029233,-0.8022148122648552,11.25
-0.1627542238097905,-0.5760861955631678,-0.15563878010029233,-0.8022148122648552,11.25
-0.1627542238097905,-0.5760861955631678,-0.15563878010029233,-0.8022148122648552,11.25
-0.1627542238097905,-0.5760861955631678,-0.15563878010029233,-0.8022148122648552,11.25
-0.2339086609047736,-0.5916812725770783,-0.15563878010029233,-0.8022148122648552,11.25
-0.2339086609047736,-0.5916812725770783,-0.32996715098300056,-0.5604911185492586,11.25
-0.2339086609047736,-0.5916812725770783,-0.32996715098300056,-0.5604911185492586,11.535714285714299
-0.2339086609047736,-0.5916812725770783,-0.32996715098300056,-0.5604911185492586,11.75
-0.2339086609047736,-0.5916812725770783,-0.32996715098300056,-0.5604911185492586,11.75
-0.20544688606678035,-0.7242394271953077,-0.3513134821114957,-0.2641846552849801,11.75
-0.20544688606678035,-0.7242394271953077,-0.3513134821114957,-0.2641846552849801,11.75
-0.20544688606678035,-0.7242394271953077,-0.3513134821114957,-0.2641846552849801,11.75
-0.20544688606678035,-0.7242394271953077,-0.3513134821114957,-0.2641846552849801,11.75
-0.14852333639079388,-0.6540615806327154,-0.32996715098300056,0.3596184252713978,12.035714285714299
-0.14852333639079388,-0.6540615806327154,-0.32996715098300056,0.3596184252713978,12.25
-0.14852333639079388,-0.6540615806327154,-0.32996715098300056,0.3596184252713978,12.25
-0.14852333639079388,-0.6540615806327154,-0.32996715098300056,0.3596184252713978,12.25
-0.15563878010029233,-0.8022148122648552,-0.43314108477072605,0.6013421189869944,12.25
-0.15563878010029233,-0.8022148122648552,-0.43314108477072605,0.6013421189869944,12.25
-0.15563878010029233,-0.8022148122648552,-0.43314108477072605,0.6013421189869944,12.25
-0.15563878010029233,-0.8022148122648552,-0.43314108477072605,0.6013421189869944,12.6785714285714
-0.15563878010029233,-0.8022148122648552,-0.43314108477072605,0.6013421189869944,13.0
-0.32996715098300056,-0.5604911185492586,-0.4616028596087192,0.7572928891260882,13.0
-0.32996715098300056,-0.5604911185492586,-0.4616028596087192,0.7572928891260882,13.0
-0.32996715098300056,-0.5604911185492586,-0.4616028596087192,0.7572928891260882,13.0
-0.32996715098300056,-0.5604911185492586,-0.4616028596087192,0.7572928891260882,13.0
-0.3513134821114957,-0.2641846552849801,-0.5790076808154413,0.6013421189869944,13.0
-0.3513134821114957,-0.2641846552849801,-0.5790076808154413,0.6013421189869944,13.4285714285714
-0.3513134821114957,-0.2641846552849801,-0.5790076808154413,0.6013421189869944,13.75
-0.3513134821114957,-0.2641846552849801,-0.5790076808154413,0.6013421189869944,13.75
-0.32996715098300056,0.3596184252713978,-0.5790076808154413,0.6013421189869944,13.75
-0.32996715098300056,0.3596184252713978,-0.7213165550054075,0.4453913488478992,13.75
-0.32996715098300056,0.3596184252713978,-0.7213165550054075,0.4453913488478992,13.75
-0.32996715098300056,0.3596184252713978,-0.7213165550054075,0.4453913488478992,13.75
-0.43314108477072605,0.6013421189869944,-0.7213165550054075,0.4453913488478992,13.75
-0.43314108477072605,0.6013421189869944,-0.828048210647882,0.3284282712435796,13.75
-0.43314108477072605,0.6013421189869944,-0.828048210647882,0.3284282712435796,13.75
-0.43314108477072605,0.6013421189869944,-0.828048210647882,0.3284282712435796,13.75
-0.43314108477072605,0.6013421189869944,-0.828048210647882,0.3284282712435796,13.75
-0.4616028596087192,0.7572928891260882,-0.87785631661437,0.29723811721576,13.75
-0.4616028596087192,0.7572928891260882,-0.87785631661437,0.29723811721576,13.75
-0.4616028596087192,0.7572928891260882,-0.87785631661437,0.29723811721576,13.75
-0.4616028596087192,0.7572928891260882,-0.87785631661437,0.29723811721576,13.75
-0.5790076808154413,0.6013421189869944,-0.87785631661437,0.29723811721576,13.75
-0.5790076808154413,0.6013421189869944,-0.8849717603238685,0.25825042468098586,13.75
-0.5790076808154413,0.6013421189869944,-0.8849717603238685,0.25825042468098586,13.75
-0.5790076808154413,0.6013421189869944,-0.8849717603238685,0.25825042468098586,13.1785714285714
-0.5790076808154413,0.6013421189869944,-0.8849717603238685,0.25825042468098586,12.75
-0.7213165550054075,0.4453913488478992,-0.945453031854604,0.11009719304884663,12.75
-0.7213165550054075,0.4453913488478992,-0.945453031854604,0.11009719304884663,12.75
-0.7213165550054075,0.4453913488478992,-0.945453031854604,0.11009719304884663,12.75
-0.7213165550054075,0.4453913488478992,-0.945453031854604,0.11009719304884663,12.75
-0.828048210647882,0.3284282712435796,-0.9276644225808583,-0.08484126962502132,12.75
-0.828048210647882,0.3284282712435796,-0.9276644225808583,-0.08484126962502132,11.892857142857098
-0.828048210647882,0.3284282712435796,-0.9276644225808583,-0.08484126962502132,11.25
-0.828048210647882,0.3284282712435796,-0.9276644225808583,-0.08484126962502132,11.25
-0.87785631661437,0.29723811721576,-0.9276644225808583,-0.08484126962502132,11.25
-0.87785631661437,0.29723811721576,-0.8956449258881161,-0.12382896215979408,11.25
-0.87785631661437,0.29723811721576,-0.8956449258881161,-0.12382896215979408,11.25
-0.87785631661437,0.29723811721576,-0.8956449258881161,-0.12382896215979408,11.25
-0.87785631661437,0.29723811721576,-0.8956449258881161,-0.12382896215979408,10.6785714285714
-0.8849717603238685,0.25825042468098586,-0.8956449258881161,-0.12382896215979408,10.25
-0.8849717603238685,0.25825042468098586,-0.7960287139551396,-0.08484126962502132,10.25
-0.8849717603238685,0.25825042468098586,-0.7960287139551396,-0.08484126962502132,10.25
-0.8849717603238685,0.25825042468098586,-0.7960287139551396,-0.08484126962502132,10.25
-0.945453031854604,0.11009719304884663,-0.7960287139551396,-0.08484126962502132,10.25
-0.945453031854604,0.11009719304884663,-0.7106433894411599,0.1412873470766662,9.821428571428571
-0.945453031854604,0.11009719304884663,-0.7106433894411599,0.1412873470766662,9.25
-0.945453031854604,0.11009719304884663,-0.7106433894411599,0.1412873470766662,9.25
-0.9276644225808583,-0.08484126962502132,-0.7106433894411599,0.1412873470766662,9.25
-0.9276644225808583,-0.08484126962502132,-0.5896808463796889,0.18027503961143893,9.25
-0.9276644225808583,-0.08484126962502132,-0.5896808463796889,0.18027503961143893,9.25
-0.9276644225808583,-0.08484126962502132,-0.5896808463796889,0.18027503961143893,8.964285714285712
-0.9276644225808583,-0.08484126962502132,-0.5896808463796889,0.18027503961143893,8.75
-0.8956449258881161,-0.12382896215979408,-0.5576613496869465,0.24265534766707675,8.75
-0.8956449258881161,-0.12382896215979408,-0.5576613496869465,0.24265534766707675,8.75
-0.8956449258881161,-0.12382896215979408,-0.5576613496869465,0.24265534766707675,8.75
-0.8956449258881161,-0.12382896215979408,-0.5576613496869465,0.24265534766707675,8.75
-0.8956449258881161,-0.12382896215979408,-0.5718922371059432,0.1256922700627557,8.75
-0.7960287139551396,-0.08484126962502132,-0.5718922371059432,0.1256922700627557,8.75
-0.7960287139551396,-0.08484126962502132,-0.5718922371059432,0.1256922700627557,8.75
-0.7960287139551396,-0.08484126962502132,-0.5718922371059432,0.1256922700627557,8.75
-0.7960287139551396,-0.08484126962502132,-0.5718922371059432,0.1256922700627557,8.75
-0.7106433894411599,0.1412873470766662,-0.7070856675864109,0.07890703902102841,8.75
-0.7106433894411599,0.1412873470766662,-0.7070856675864109,0.07890703902102841,8.75
-0.7106433894411599,0.1412873470766662,-0.7070856675864109,0.07890703902102841,8.75
-0.7106433894411599,0.1412873470766662,-0.7070856675864109,0.07890703902102841,8.75
-0.5896808463796889,0.18027503961143893,-0.7924709921003906,-0.06924619261111221,8.75
-0.5896808463796889,0.18027503961143893,-0.7924709921003906,-0.06924619261111221,8.75
-0.5896808463796889,0.18027503961143893,-0.7924709921003906,-0.06924619261111221,8.75
-0.5896808463796889,0.18027503961143893,-0.7924709921003906,-0.06924619261111221,8.75
-0.5576613496869465,0.24265534766707675,-0.8316059325026309,-0.23299450125716056,8.75
-0.5576613496869465,0.24265534766707675,-0.8316059325026309,-0.23299450125716056,8.75
-0.5576613496869465,0.24265534766707675,-0.8316059325026309,-0.23299450125716056,8.75
-0.5576613496869465,0.24265534766707675,-0.8316059325026309,-0.23299450125716056,8.75
-0.5718922371059432,0.1256922700627557,-0.8316059325026309,-0.23299450125716056,8.75
-0.5718922371059432,0.1256922700627557,-0.7568937735528989,-0.41233788691711937,8.75
-0.5718922371059432,0.1256922700627557,-0.7568937735528989,-0.41233788691711937,8.75
-0.5718922371059432,0.1256922700627557,-0.7568937735528989,-0.41233788691711937,8.75
-0.5718922371059432,0.1256922700627557,-0.7568937735528989,-0.41233788691711937,8.75
-0.7070856675864109,0.07890703902102841,-0.5790076808154413,-0.7008468116744441,8.75
-0.7070856675864109,0.07890703902102841,-0.5790076808154413,-0.7008468116744441,8.75
-0.7070856675864109,0.07890703902102841,-0.5790076808154413,-0.7008468116744441,8.75
-0.7070856675864109,0.07890703902102841,-0.5790076808154413,-0.7008468116744441,8.75
-0.7924709921003906,-0.06924619261111221,-0.5790076808154413,-0.7008468116744441,8.75
-0.7924709921003906,-0.06924619261111221,-0.4260256410612278,-0.9659631209109044,8.75
-0.7924709921003906,-0.06924619261111221,-0.4260256410612278,-0.9659631209109044,8.75
-0.7924709921003906,-0.06924619261111221,-0.4260256410612278,-0.9659631209109044,8.75
-0.8316059325026309,-0.23299450125716056,-0.4260256410612278,-0.9659631209109044,8.75
-0.8316059325026309,-0.23299450125716056,-0.3264094291282515,-1.0049508134456775,8.75
-0.8316059325026309,-0.23299450125716056,-0.3264094291282515,-1.0049508134456775,8.75
-0.8316059325026309,-0.23299450125716056,-0.3264094291282515,-1.0049508134456775,8.75
-0.8316059325026309,-0.23299450125716056,-0.3264094291282515,-1.0049508134456775,9.178571428571429
-0.7568937735528989,-0.41233788691711937,-0.3264094291282515,-1.0049508134456775,9.5
-0.7568937735528989,-0.41233788691711937,-0.2979476542902582,-0.8723926588274477,9.5
-0.7568937735528989,-0.41233788691711937,-0.2979476542902582,-0.8723926588274477,9.5
-0.7568937735528989,-0.41233788691711937,-0.2979476542902582,-0.8723926588274477,9.5
-0.5790076808154413,-0.7008468116744441,-0.2979476542902582,-0.8723926588274477,9.5
-0.5790076808154413,-0.7008468116744441,-0.2908322105807601,-0.6072763495909873,9.928571428571429
-0.5790076808154413,-0.7008468116744441,-0.2908322105807601,-0.6072763495909873,10.25
-0.5790076808154413,-0.7008468116744441,-0.2908322105807601,-0.6072763495909873,10.25
-0.5790076808154413,-0.7008468116744441,-0.2908322105807601,-0.6072763495909873,10.25
-0.4260256410612278,-0.9659631209109044,-0.18765827679303465,-0.5293009645214404,10.25
-0.4260256410612278,-0.9659631209109044,-0.18765827679303465,-0.5293009645214404,10.25
-0.4260256410612278,-0.9659631209109044,-0.18765827679303465,-0.5293009645214404,10.5357142857143
-0.4260256410612278,-0.9659631209109044,-0.18765827679303465,-0.5293009645214404,10.75
-0.3264094291282515,-1.0049508134456775,-0.11294611784330247,-0.5604911185492586,10.75
-0.3264094291282515,-1.0049508134456775,-0.11294611784330247,-0.5604911185492586,10.75
-0.3264094291282515,-1.0049508134456775,-0.11294611784330247,-0.5604911185492586,10.75
-0.3264094291282515,-1.0049508134456775,-0.11294611784330247,-0.5604911185492586,10.75
-0.3264094291282515,-1.0049508134456775,-0.09871523042430584,-0.6618591191396699,10.75
-0.2979476542902582,-0.8723926588274477,-0.09871523042430584,-0.6618591191396699,10.75
-0.2979476542902582,-0.8723926588274477,-0.09871523042430584,-0.6618591191396699,10.75
-0.2979476542902582,-0.8723926588274477,-0.09871523042430584,-0.6618591191396699,10.75
-0.2979476542902582,-0.8723926588274477,-0.09871523042430584,-0.6618591191396699,10.75
-0.2908322105807601,-0.6072763495909873,-0.04179168074831936,-0.7944172737579007,10.75
-0.2908322105807601,-0.6072763495909873,-0.04179168074831936,-0.7944172737579007,10.75
-0.2908322105807601,-0.6072763495909873,-0.04179168074831936,-0.7944172737579007,10.75
-0.2908322105807601,-0.6072763495909873,-0.04179168074831936,-0.7944172737579007,10.75
-0.18765827679303465,-0.5293009645214404,0.015131868927667125,-0.9113803513622212,10.75
-0.18765827679303465,-0.5293009645214404,0.015131868927667125,-0.9113803513622212,10.75
-0.18765827679303465,-0.5293009645214404,0.015131868927667125,-0.9113803513622212,10.75
-0.18765827679303465,-0.5293009645214404,0.015131868927667125,-0.9113803513622212,10.75
-0.11294611784330247,-0.5604911185492586,0.015131868927667125,-0.9113803513622212,10.75
-0.11294611784330247,-0.5604911185492586,0.14320985569863673,-0.9893557364317688,10.75
-0.11294611784330247,-0.5604911185492586,0.14320985569863673,-0.9893557364317688,10.75
-0.11294611784330247,-0.5604911185492586,0.14320985569863673,-0.9893557364317688,10.75
-0.09871523042430584,-0.6618591191396699,0.14320985569863673,-0.9893557364317688,10.75
-0.09871523042430584,-0.6618591191396699,0.17167163053662965,-1.0907237370221798,10.75
-0.09871523042430584,-0.6618591191396699,0.17167163053662965,-1.0907237370221798,10.75
-0.09871523042430584,-0.6618591191396699,0.17167163053662965,-1.0907237370221798,11.035714285714299
-0.09871523042430584,-0.6618591191396699,0.17167163053662965,-1.0907237370221798,11.25
-0.04179168074831936,-0.7944172737579007,0.050709087475158524,-1.2310794301473649,11.25
-0.04179168074831936,-0.7944172737579007,0.050709087475158524,-1.2310794301473649,11.25
-0.04179168074831936,-0.7944172737579007,0.050709087475158524,-1.2310794301473649,11.25
-0.04179168074831936,-0.7944172737579007,0.050709087475158524,-1.2310794301473649,11.25
0.015131868927667125,-0.9113803513622212,0.050709087475158524,-1.2310794301473649,11.535714285714299
0.015131868927667125,-0.9113803513622212,-0.06669573373156353,-1.4961957393838248,11.75
0.015131868927667125,-0.9113803513622212,-0.06669573373156353,-1.4961957393838248,11.75
0.015131868927667125,-0.9113803513622212,-0.06669573373156353,-1.4961957393838248,11.75
0.015131868927667125,-0.9113803513622212,-0.06669573373156353,-1.4961957393838248,11.75
0.14320985569863673,-0.9893557364317688,-0.11650383969805155,-1.4961957393838248,11.75
0.14320985569863673,-0.9893557364317688,-0.11650383969805155,-1.4961957393838248,11.75
0.14320985569863673,-0.9893557364317688,-0.11650383969805155,-1.4961957393838248,11.75
0.14320985569863673,-0.9893557364317688,-0.11650383969805155,-1.4961957393838248,12.0
0.17167163053662965,-1.0907237370221798,-0.11650383969805155,-1.4961957393838248,12.0
0.17167163053662965,-1.0907237370221798,-0.2161200516310279,-1.2934597382030024,12.0
0.17167163053662965,-1.0907237370221798,-0.2161200516310279,-1.2934597382030024,12.0
0.17167163053662965,-1.0907237370221798,-0.2161200516310279,-1.2934597382030024,12.0
0.050709087475158524,-1.2310794301473649,-0.2161200516310279,-1.2934597382030024,12.0
0.050709087475158524,-1.2310794301473649,-0.3477557602567466,-0.8567975818135378,12.142857142857098
0.050709087475158524,-1.2310794301473649,-0.3477557602567466,-0.8567975818135378,12.25
0.050709087475158524,-1.2310794301473649,-0.3477557602567466,-0.8567975818135378,12.25
0.050709087475158524,-1.2310794301473649,-0.3477557602567466,-0.8567975818135378,12.25
-0.06669573373156353,-1.4961957393838248,-0.5647767933964446,-0.6540615806327154,12.25
-0.06669573373156353,-1.4961957393838248,-0.5647767933964446,-0.6540615806327154,12.25
-0.06669573373156353,-1.4961957393838248,-0.5647767933964446,-0.6540615806327154,12.392857142857098
-0.06669573373156353,-1.4961957393838248,-0.5647767933964446,-0.6540615806327154,12.5
-0.11650383969805155,-1.4961957393838248,-0.6145848993629329,-0.8022148122648552,12.5
-0.11650383969805155,-1.4961957393838248,-0.6145848993629329,-0.8022148122648552,12.5
-0.11650383969805155,-1.4961957393838248,-0.6145848993629329,-0.8022148122648552,12.5
-0.11650383969805155,-1.4961957393838248,-0.6145848993629329,-0.8022148122648552,12.5
-0.11650383969805155,-1.4961957393838248,-0.6145848993629329,-0.8022148122648552,12.214285714285701
-0.2161200516310279,-1.2934597382030024,-0.6537198397651734,-0.9191778898691756,12.0
-0.2161200516310279,-1.2934597382030024,-0.6537198397651734,-0.9191778898691756,12.0
-0.2161200516310279,-1.2934597382030024,-0.6537198397651734,-0.9191778898691756,12.0
-0.2161200516310279,-1.2934597382030024,-0.6537198397651734,-0.9191778898691756,12.0
-0.3477557602567466,-0.8567975818135378,-0.6786238927484176,-0.9893557364317688,12.0
-0.3477557602567466,-0.8567975818135378,-0.6786238927484176,-0.9893557364317688,12.0
-0.3477557602567466,-0.8567975818135378,-0.6786238927484176,-0.9893557364317688,11.714285714285701
-0.3477557602567466,-0.8567975818135378,-0.6786238927484176,-0.9893557364317688,11.5
-0.5647767933964446,-0.6540615806327154,-0.5790076808154413,-1.0517360444874058,11.5
-0.5647767933964446,-0.6540615806327154,-0.5790076808154413,-1.0517360444874058,11.5
-0.5647767933964446,-0.6540615806327154,-0.5790076808154413,-1.0517360444874058,11.5
-0.5647767933964446,-0.6540615806327154,-0.5790076808154413,-1.0517360444874058,11.5
-0.6145848993629329,-0.8022148122648552,-0.5790076808154413,-1.0517360444874058,11.214285714285701
-0.6145848993629329,-0.8022148122648552,-0.5647767933964446,-1.1609015835847722,11.0
-0.6145848993629329,-0.8022148122648552,-0.5647767933964446,-1.1609015835847722,11.0
-0.6145848993629329,-0.8022148122648552,-0.5647767933964446,-1.1609015835847722,11.0
-0.6145848993629329,-0.8022148122648552,-0.5647767933964446,-1.1609015835847722,10.9375
-0.6537198397651734,-0.9191778898691756,-0.550545905977448,-1.3402449692447305,10.53125
-0.6537198397651734,-0.9191778898691756,-0.550545905977448,-1.3402449692447305,11.0
-0.6537198397651734,-0.9191778898691756,-0.550545905977448,-1.3402449692447305,10.7142857142857
-0.6537198397651734,-0.9191778898691756,-0.550545905977448,-1.3402449692447305,10.5
-0.6786238927484176,-0.9893557364317688,-0.550545905977448,-1.3402449692447305,10.5
-0.6786238927484176,-0.9893557364317688,-0.4900646344467125,-1.4728031238629604,10.5
-0.6786238927484176,-0.9893557364317688,-0.4900646344467125,-1.4728031238629604,10.5
-0.6786238927484176,-0.9893557364317688,-0.4900646344467125,-1.4728031238629604,10.5
-0.5790076808154413,-1.0517360444874058,-0.4900646344467125,-1.4728031238629604,10.5
-0.5790076808154413,-1.0517360444874058,-0.4616028596087192,-1.5741711244533725,10.0714285714286
-0.5790076808154413,-1.0517360444874058,-0.4616028596087192,-1.5741711244533725,9.75
-0.5790076808154413,-1.0517360444874058,-0.4616028596087192,-1.5741711244533725,9.75
-0.5790076808154413,-1.0517360444874058,-0.4616028596087192,-1.5741711244533725,9.75
-0.5647767933964446,-1.1609015835847722,-0.3513134821114957,-1.5039932778907794,9.75
-0.5647767933964446,-1.1609015835847722,-0.3513134821114957,-1.5039932778907794,9.75
-0.5647767933964446,-1.1609015835847722,-0.3513134821114957,-1.5039932778907794,9.32142857142857
-0.5647767933964446,-1.1609015835847722,-0.3513134821114957,-1.5039932778907794,9.0
-0.550545905977448,-1.3402449692447305,-0.3513134821114957,-1.5039932778907794,9.0
-0.550545905977448,-1.3402449692447305,-0.2410241046142717,-1.22328189164041,9.0
-0.550545905977448,-1.3402449692447305,-0.2410241046142717,-1.22328189164041,9.0
-0.550545905977448,-1.3402449692447305,-0.2410241046142717,-1.22328189164041,9.0
-0.550545905977448,-1.3402449692447305,-0.2410241046142717,-1.22328189164041,8.714285714285712
-0.4900646344467125,-1.4728031238629604,-0.1841005549382856,-0.8334049662926741,8.5
-0.4900646344467125,-1.4728031238629604,-0.1841005549382856,-0.8334049662926741,8.5
-0.4900646344467125,-1.4728031238629604,-0.1841005549382856,-0.8334049662926741,8.5
-0.4900646344467125,-1.4728031238629604,-0.1841005549382856,-0.8334049662926741,8.5
-0.4616028596087192,-1.5741711244533725,-0.08448434300530923,-0.6306689651118511,8.5
-0.4616028596087192,-1.5741711244533725,-0.08448434300530923,-0.6306689651118511,8.21428571428571
-0.4616028596087192,-1.5741711244533725,-0.08448434300530923,-0.6306689651118511,8.0
-0.4616028596087192,-1.5741711244533725,-0.08448434300530923,-0.6306689651118511,8.0
-0.3513134821114957,-1.5039932778907794,-0.08448434300530923,-0.6306689651118511,8.0
-0.3513134821114957,-1.5039932778907794,-0.12006156155280062,-0.7398345042092175,8.0
-0.3513134821114957,-1.5039932778907794,-0.12006156155280062,-0.7398345042092175,8.0
-0.3513134821114957,-1.5039932778907794,-0.12006156155280062,-0.7398345042092175,8.0
-0.3513134821114957,-1.5039932778907794,-0.12006156155280062,-0.7398345042092175,7.71428571428571
-0.2410241046142717,-1.22328189164041,-0.11650383969805155,-0.94257050539004,7.5
-0.2410241046142717,-1.22328189164041,-0.11650383969805155,-0.94257050539004,7.5
-0.2410241046142717,-1.22328189164041,-0.11650383969805155,-0.94257050539004,7.5
-0.2410241046142717,-1.22328189164041,-0.11650383969805155,-0.94257050539004,7.5
-0.1841005549382856,-0.8334049662926741,-0.04534940260306844,-1.0595335829943608,7.5
-0.1841005549382856,-0.8334049662926741,-0.04534940260306844,-1.0595335829943608,7.357142857142861
-0.1841005549382856,-0.8334049662926741,-0.04534940260306844,-1.0595335829943608,7.25
-0.1841005549382856,-0.8334049662926741,-0.04534940260306844,-1.0595335829943608,7.25
-0.08448434300530923,-0.6306689651118511,-0.04534940260306844,-1.0595335829943608,7.25
-0.08448434300530923,-0.6306689651118511,-0.1983314423572822,-1.1764966605986813,7.25
-0.08448434300530923,-0.6306689651118511,-0.1983314423572822,-1.1764966605986813,7.25
-0.08448434300530923,-0.6306689651118511,-0.1983314423572822,-1.1764966605986813,7.25
-0.08448434300530923,-0.6306689651118511,-0.1983314423572822,-1.1764966605986813,7.25
-0.12006156155280062,-0.7398345042092175,-0.2623704357427669,-1.3090548152169117,7.25
-0.12006156155280062,-0.7398345042092175,-0.2623704357427669,-1.3090548152169117,7.25
-0.12006156155280062,-0.7398345042092175,-0.2623704357427669,-1.3090548152169117,7.25
-0.12006156155280062,-0.7398345042092175,-0.2623704357427669,-1.3090548152169117,7.71875
-0.11650383969805155,-0.94257050539004,-0.3441980384019972,-1.4416129698351416,7.937499999999999
-0.11650383969805155,-0.94257050539004,-0.3441980384019972,-1.4416129698351416,7.25
-0.11650383969805155,-0.94257050539004,-0.3441980384019972,-1.4416129698351416,7.25
-0.11650383969805155,-0.94257050539004,-0.3441980384019972,-1.4416129698351416,7.25
-0.04534940260306844,-1.0595335829943608,-0.3441980384019972,-1.4416129698351416,7.25
-0.04534940260306844,-1.0595335829943608,-0.3513134821114957,-1.6209563554951003,7.25
-0.04534940260306844,-1.0595335829943608,-0.3513134821114957,-1.6209563554951003,7.25
-0.04534940260306844,-1.0595335829943608,-0.3513134821114957,-1.6209563554951003,7.25
-0.04534940260306844,-1.0595335829943608,-0.3513134821114957,-1.6209563554951003,7.25
-0.1983314423572822,-1.1764966605986813,-0.3762175350947398,-1.8002997411550583,7.25
-0.1983314423572822,-1.1764966605986813,-0.3762175350947398,-1.8002997411550583,7.25
-0.1983314423572822,-1.1764966605986813,-0.3762175350947398,-1.8002997411550583,7.25
-0.1983314423572822,-1.1764966605986813,-0.3762175350947398,-1.8002997411550583,7.25
-0.2623704357427669,-1.3090548152169117,-0.3264094291282515,-2.0342258963637008,7.25
-0.2623704357427669,-1.3090548152169117,-0.3264094291282515,-2.0342258963637008,7.25
-0.2623704357427669,-1.3090548152169117,-0.3264094291282515,-2.0342258963637008,7.392857142857139
-0.2623704357427669,-1.3090548152169117,-0.3264094291282515,-2.0342258963637008,7.5
-0.3441980384019972,-1.4416129698351416,-0.3264094291282515,-2.0342258963637008,7.5
-0.3441980384019972,-1.4416129698351416,-0.4402565284802245,-1.8626800492106963,7.5
-0.3441980384019972,-1.4416129698351416,-0.4402565284802245,-1.8626800492106963,7.5
-0.3441980384019972,-1.4416129698351416,-0.4402565284802245,-1.8626800492106963,7.5
-0.3441980384019972,-1.4416129698351416,-0.4402565284802245,-1.8626800492106963,7.78571428571429
-0.3513134821114957,-1.6209563554951003,-0.4082370317874821,-1.5897662014672815,8.0
-0.3513134821114957,-1.6209563554951003,-0.4082370317874821,-1.5897662014672815,8.0
-0.3513134821114957,-1.6209563554951003,-0.4082370317874821,-1.5897662014672815,8.0
-0.3513134821114957,-1.6209563554951003,-0.4082370317874821,-1.5897662014672815,8.0
-0.3762175350947398,-1.8002997411550583,-0.2410241046142717,-1.2622695841751834,8.0
-0.3762175350947398,-1.8002997411550583,-0.2410241046142717,-1.2622695841751834,8.285714285714292
-0.3762175350947398,-1.8002997411550583,-0.2410241046142717,-1.2622695841751834,8.5
-0.3762175350947398,-1.8002997411550583,-0.2410241046142717,-1.2622695841751834,8.5
-0.3264094291282515,-2.0342258963637008,-0.2410241046142717,-1.2622695841751834,8.5
-0.3264094291282515,-2.0342258963637008,-0.1947737205025328,-1.2856621996960478,8.5
-0.3264094291282515,-2.0342258963637008,-0.1947737205025328,-1.2856621996960478,8.5
-0.3264094291282515,-2.0342258963637008,-0.1947737205025328,-1.2856621996960478,8.5
-0.3264094291282515,-2.0342258963637008,-0.1947737205025328,-1.2856621996960478,8.78571428571429
-0.4402565284802245,-1.8626800492106963,-0.1627542238097905,-1.4104228158073226,9.0
-0.4402565284802245,-1.8626800492106963,-0.1627542238097905,-1.4104228158073226,9.0
-0.4402565284802245,-1.8626800492106963,-0.1627542238097905,-1.4104228158073226,9.0
-0.4402565284802245,-1.8626800492106963,-0.1627542238097905,-1.4104228158073226,9.0
-0.4082370317874821,-1.5897662014672815,-0.1093883959885534,-1.5117908163977347,9.0
-0.4082370317874821,-1.5897662014672815,-0.1093883959885534,-1.5117908163977347,9.285714285714288
-0.4082370317874821,-1.5897662014672815,-0.1093883959885534,-1.5117908163977347,9.5
-0.4082370317874821,-1.5897662014672815,-0.1093883959885534,-1.5117908163977347,9.5
-0.2410241046142717,-1.2622695841751834,-0.1093883959885534,-1.5117908163977347,9.5
-0.2410241046142717,-1.2622695841751834,-0.11650383969805155,-1.4728031238629604,9.5
-0.2410241046142717,-1.2622695841751834,-0.11650383969805155,-1.4728031238629604,9.5
-0.2410241046142717,-1.2622695841751834,-0.11650383969805155,-1.4728031238629604,9.5
-0.2410241046142717,-1.2622695841751834,-0.11650383969805155,-1.4728031238629604,9.785714285714288
-0.1947737205025328,-1.2856621996960478,-0.11294611784330247,-1.4883982008768704,10.0
-0.1947737205025328,-1.2856621996960478,-0.11294611784330247,-1.4883982008768704,10.0
-0.1947737205025328,-1.2856621996960478,-0.11294611784330247,-1.4883982008768704,10.0
-0.1947737205025328,-1.2856621996960478,-0.11294611784330247,-1.4883982008768704,10.0
-0.1627542238097905,-1.4104228158073226,-0.11294611784330247,-1.4883982008768704,10.65625
-0.1627542238097905,-1.4104228158073226,-0.02756079332932274,-1.5741711244533725,10.0
-0.1627542238097905,-1.4104228158073226,-0.02756079332932274,-1.5741711244533725,10.2857142857143
-0.1627542238097905,-1.4104228158073226,-0.02756079332932274,-1.5741711244533725,10.5
-0.1093883959885534,-1.5117908163977347,-0.02756079332932274,-1.5741711244533725,10.5
-0.1093883959885534,-1.5117908163977347,-0.08448434300530923,-1.6911342020576927,10.5
-0.1093883959885534,-1.5117908163977347,-0.08448434300530923,-1.6911342020576927,10.5
-0.1093883959885534,-1.5117908163977347,-0.08448434300530923,-1.6911342020576927,10.5
-0.1093883959885534,-1.5117908163977347,-0.08448434300530923,-1.6911342020576927,10.6428571428571
-0.11650383969805155,-1.4728031238629604,-0.09515750856955676,-1.7847046641411497,10.75
-0.11650383969805155,-1.4728031238629604,-0.09515750856955676,-1.7847046641411497,10.75
-0.11650383969805155,-1.4728031238629604,-0.09515750856955676,-1.7847046641411497,10.75
-0.11650383969805155,-1.4728031238629604,-0.09515750856955676,-1.7847046641411497,10.75
-0.11294611784330247,-1.4883982008768704,-0.09515750856955676,-1.7847046641411497,10.892857142857098
-0.11294611784330247,-1.4883982008768704,-0.14852333639079388,-1.792502202648104,11.0
-0.11294611784330247,-1.4883982008768704,-0.14852333639079388,-1.792502202648104,11.0
-0.11294611784330247,-1.4883982008768704,-0.14852333639079388,-1.792502202648104,11.0
-0.11294611784330247,-1.4883982008768704,-0.14852333639079388,-1.792502202648104,11.0
-0.02756079332932274,-1.5741711244533725,0.11119035900589408,-1.550778508932508,11.0
-0.02756079332932274,-1.5741711244533725,0.11119035900589408,-1.550778508932508,11.0
-0.02756079332932274,-1.5741711244533725,0.11119035900589408,-1.550778508932508,11.0
-0.02756079332932274,-1.5741711244533725,0.11119035900589408,-1.550778508932508,11.0
-0.08448434300530923,-1.6911342020576927,0.3104227828718468,-1.0673311215013157,11.0
-0.08448434300530923,-1.6911342020576927,0.3104227828718468,-1.0673311215013157,11.0
-0.08448434300530923,-1.6911342020576927,0.3104227828718468,-1.0673311215013157,11.0
-0.08448434300530923,-1.6911342020576927,0.3104227828718468,-1.0673311215013157,11.0
-0.09515750856955676,-1.7847046641411497,0.4634048226260605,-0.6618591191396699,11.0
-0.09515750856955676,-1.7847046641411497,0.4634048226260605,-0.6618591191396699,11.0
-0.09515750856955676,-1.7847046641411497,0.4634048226260605,-0.6618591191396699,11.0
-0.09515750856955676,-1.7847046641411497,0.4634048226260605,-0.6618591191396699,11.0
-0.09515750856955676,-1.7847046641411497,0.4634048226260605,-0.6618591191396699,11.0
-0.14852333639079388,-1.792502202648104,0.4776357100450568,-0.6072763495909873,11.0
-0.14852333639079388,-1.792502202648104,0.4776357100450568,-0.6072763495909873,11.0
-0.14852333639079388,-1.792502202648104,0.4776357100450568,-0.6072763495909873,11.0
-0.14852333639079388,-1.792502202648104,0.4776357100450568,-0.6072763495909873,11.0
0.11119035900589408,-1.550778508932508,0.5843673656875317,-0.5059083490005754,11.0
0.11119035900589408,-1.550778508932508,0.5843673656875317,-0.5059083490005754,11.0
0.11119035900589408,-1.550778508932508,0.5843673656875317,-0.5059083490005754,11.0
0.11119035900589408,-1.550778508932508,0.5843673656875317,-0.5059083490005754,11.0
0.3104227828718468,-1.0673311215013157,0.5843673656875317,-0.5059083490005754,11.0
0.3104227828718468,-1.0673311215013157,0.7337916835869961,-0.3733501943823453,11.0
0.3104227828718468,-1.0673311215013157,0.7337916835869961,-0.3733501943823453,11.0
0.3104227828718468,-1.0673311215013157,0.7337916835869961,-0.3733501943823453,11.0
0.4634048226260605,-0.6618591191396699,0.7337916835869961,-0.3733501943823453,11.142857142857098
0.4634048226260605,-0.6618591191396699,0.9721590478551893,-0.18620927021543188,11.25
0.4634048226260605,-0.6618591191396699,0.9721590478551893,-0.18620927021543188,11.25
0.4634048226260605,-0.6618591191396699,0.9721590478551893,-0.18620927021543188,11.25
0.4634048226260605,-0.6618591191396699,0.9721590478551893,-0.18620927021543188,11.25
0.4776357100450568,-0.6072763495909873,0.9614858822909412,-0.05365111559720173,11.535714285714299
0.4776357100450568,-0.6072763495909873,0.9614858822909412,-0.05365111559720173,11.75
0.4776357100450568,-0.6072763495909873,0.9614858822909412,-0.05365111559720173,11.75
0.4776357100450568,-0.6072763495909873,0.9614858822909412,-0.05365111559720173,11.75
0.5843673656875317,-0.5059083490005754,0.9614858822909412,-0.05365111559720173,11.75
0.5843673656875317,-0.5059083490005754,0.9472549948719452,0.07110950051407386,11.75
0.5843673656875317,-0.5059083490005754,0.9472549948719452,0.07110950051407386,11.75
0.5843673656875317,-0.5059083490005754,0.9472549948719452,0.07110950051407386,12.035714285714299
0.5843673656875317,-0.5059083490005754,0.9472549948719452,0.07110950051407386,12.25
0.7337916835869961,-0.3733501943823453,1.1037947564809076,0.1256922700627557,12.25
0.7337916835869961,-0.3733501943823453,1.1037947564809076,0.1256922700627557,12.25
0.7337916835869961,-0.3733501943823453,1.1037947564809076,0.1256922700627557,12.25
0.7337916835869961,-0.3733501943823453,1.1037947564809076,0.1256922700627557,12.25
0.9721590478551893,-0.18620927021543188,1.2994694584921112,0.16467996259752987,12.535714285714299
0.9721590478551893,-0.18620927021543188,1.2994694584921112,0.16467996259752987,12.75
0.9721590478551893,-0.18620927021543188,1.2994694584921112,0.16467996259752987,12.75
0.9721590478551893,-0.18620927021543188,1.2994694584921112,0.16467996259752987,12.75
0.9614858822909412,-0.05365111559720173,1.2994694584921112,0.16467996259752987,12.75
0.9614858822909412,-0.05365111559720173,1.3670661737323448,0.1256922700627557,12.75
0.9614858822909412,-0.05365111559720173,1.3670661737323448,0.1256922700627557,12.75
0.9614858822909412,-0.05365111559720173,1.3670661737323448,0.1256922700627557,12.75
0.9614858822909412,-0.05365111559720173,1.3670661737323448,0.1256922700627557,13.035714285714299
0.9472549948719452,0.07110950051407386,1.3670661737323448,0.1256922700627557,13.25
0.9472549948719452,0.07110950051407386,1.3812970611513418,0.5545568879452657,13.25
0.9472549948719452,0.07110950051407386,1.3812970611513418,0.5545568879452657,13.25
0.9472549948719452,0.07110950051407386,1.3812970611513418,0.5545568879452657,13.25
1.1037947564809076,0.1256922700627557,1.3812970611513418,0.5545568879452657,13.535714285714299
1.1037947564809076,0.1256922700627557,1.2567767962351208,1.115979660446006,13.75
1.1037947564809076,0.1256922700627557,1.2567767962351208,1.115979660446006,13.75
1.1037947564809076,0.1256922700627557,1.2567767962351208,1.115979660446006,13.75
1.2994694584921112,0.16467996259752987,1.2567767962351208,1.115979660446006,13.75
1.2994694584921112,0.16467996259752987,0.9116777763244536,1.6462122789189264,13.75
1.2994694584921112,0.16467996259752987,0.9116777763244536,1.6462122789189264,13.75
1.2994694584921112,0.16467996259752987,0.9116777763244536,1.6462122789189264,13.75
1.2994694584921112,0.16467996259752987,0.9116777763244536,1.6462122789189264,14.035714285714299
1.3670661737323448,0.1256922700627557,0.8725428359222126,1.8645433571136583,14.25
1.3670661737323448,0.1256922700627557,0.8725428359222126,1.8645433571136583,14.25
1.3670661737323448,0.1256922700627557,0.8725428359222126,1.8645433571136583,14.25
1.3670661737323448,0.1256922700627557,0.8725428359222126,1.8645433571136583,14.25
1.3670661737323448,0.1256922700627557,0.8867737233412095,1.8645433571136583,14.25
1.3812970611513418,0.5545568879452657,0.8867737233412095,1.8645433571136583,14.25
1.3812970611513418,0.5545568879452657,0.8867737233412095,1.8645433571136583,14.25
1.3812970611513418,0.5545568879452657,0.8867737233412095,1.8645433571136583,14.25
1.3812970611513418,0.5545568879452657,0.8867737233412095,1.8645433571136583,14.25
1.2567767962351208,1.115979660446006,0.71600307431325,1.9737088962110243,14.25
1.2567767962351208,1.115979660446006,0.71600307431325,1.9737088962110243,14.25
1.2567767962351208,1.115979660446006,0.71600307431325,1.9737088962110243,14.25
1.2567767962351208,1.115979660446006,0.71600307431325,1.9737088962110243,14.25
0.9116777763244536,1.6462122789189264,0.6804258557657586,2.1764448973918467,14.25
0.9116777763244536,1.6462122789189264,0.6804258557657586,2.1764448973918467,14.25
0.9116777763244536,1.6462122789189264,0.6804258557657586,2.1764448973918467,14.25
0.9116777763244536,1.6462122789189264,0.6804258557657586,2.1764448973918467,14.25
0.8725428359222126,1.8645433571136583,0.6804258557657586,2.1764448973918467,14.25
0.8725428359222126,1.8645433571136583,0.7622534584249893,2.3245981290239857,14.25
0.8725428359222126,1.8645433571136583,0.7622534584249893,2.3245981290239857,14.25
0.8725428359222126,1.8645433571136583,0.7622534584249893,2.3245981290239857,14.25
0.8867737233412095,1.8645433571136583,0.7622534584249893,2.3245981290239857,14.25
