"dates","reservas.internacionais","divida.liquida","nfsp","juros.de.mora","juros.eua","transacoes.correntes","conta.capital","dolar.diario","ipca","meta.selic","selic.efetiva","pib.var.acum.12.meses","desemprego.pnadc"
2016.34,370458.2,29.76,4.15,0.0121522,0.5,-868.8,51.3,3.22122,8.97,14.25,14.15,0.53,11.77
2016.33,370347.8,29.76,4.15,0.0121522,0.5,-868.8,51.3,3.20302,8.97,14.25,14.15,0.53,11.77
2016.32,369935.2,29.76,4.15,0.0121522,0.5,-868.8,51.3,3.15084,8.97,14.25,14.15,0.53,11.77
2016.31,369836.6,29.76,4.15,0.0121522,0.5,-868.8,51.3,3.23854,8.97,14.25,14.15,0.53,11.77
2016.3,368219.8,29.66,2.23,0.01108965,0.5,-3819.8,17.7,3.27118,8.74,14.25,14.15,0.34,11.58
2016.29,368072.6,29.66,2.23,0.01108965,0.5,-3819.8,17.7,3.26772,8.74,14.25,14.15,0.34,11.58
2016.28,368654.8,29.66,2.23,0.01108965,0.5,-3819.8,17.7,3.27288,8.74,14.25,14.15,0.34,11.58
2016.27,368172.4,29.66,2.23,0.01108965,0.5,-3819.8,17.7,3.29964,8.74,14.25,14.15,0.34,11.58
2016.26,364213.2,29.66,2.23,0.01108965,0.5,-3819.8,17.7,3.28064,8.74,14.25,14.15,0.34,11.58
2016.25,367014.8,28.55,1.95,0.01162079,0.5,-2556.5,13.7,3.3784,8.84,14.25,14.15,0.67,11.32
2016.24,366594.2,28.55,1.95,0.01162079,0.5,-2556.5,13.7,3.46832,8.84,14.25,14.15,0.67,11.32
2016.23,366628.8,28.55,1.95,0.01162079,0.5,-2556.5,13.7,3.43638,8.84,14.25,14.15,0.67,11.32
2016.22,364297.4,28.55,1.95,0.01162079,0.5,-2556.5,13.7,3.58888,8.84,14.25,14.15,0.67,11.32
2016.21,363539.25,26.15,3.46,0.01108965,0.5,1427.1,9.8,3.578075,9.32,14.25,14.15,0.36,11.18
2016.2,364194,26.15,3.46,0.01108965,0.5,1427.1,9.8,3.53724,9.32,14.25,14.15,0.36,11.18
2016.19,365078.4,26.15,3.46,0.01108965,0.5,1427.1,9.8,3.49444,9.32,14.25,14.15,0.36,11.18
2016.18,364709.8,26.15,3.46,0.01108965,0.5,1427.1,9.8,3.53192,9.32,14.25,14.15,0.36,11.18
2016.17,361434.6,26.15,3.46,0.01108965,0.5,1427.1,9.8,3.51136,9.32,14.25,14.15,0.36,11.18
2016.16,361417.75,26.02,-1.71,0.0105588,0.5,-525,1.1,3.56935,9.28,14.25,14.15,0.26,11.18
2016.15,361091.6,26.02,-1.71,0.0105588,0.5,-525,1.1,3.53042,9.28,14.25,14.15,0.26,11.18
2016.14,360695.6,26.02,-1.71,0.0105588,0.5,-525,1.1,3.65014,9.28,14.25,14.15,0.26,11.18
2016.13,357524.4,26.02,-1.71,0.0105588,0.5,-525,1.1,3.61198,9.28,14.25,14.15,0.26,11.18
2016.12,359053.75,25.4,1.72,0.01162079,0.5,-1372.8,16.9,3.644525,9.39,14.25,14.15,0.16,10.9
2016.11,358526,25.4,1.72,0.01162079,0.5,-1372.8,16.9,3.6805,9.39,14.25,14.15,0.16,10.9
2016.1,359611.6,25.4,1.72,0.01162079,0.5,-1372.8,16.9,3.7107,9.39,14.25,14.15,0.16,10.9
2016.09,359478.2,25.4,1.72,0.01162079,0.5,-1372.8,16.9,3.89034,9.39,14.25,14.15,0.16,10.9
2016.08,359652,23.21,5.38,0.01002822,0.5,-1212.8,41.6,3.9636,10.36,14.25,14.15,0.41,10.22
2016.07,359516.2,23.21,5.38,0.01002822,0.5,-1212.8,41.6,4.01998,10.36,14.25,14.15,0.41,10.22
2016.06,359911.333333333,23.21,5.38,0.01002822,0.5,-1212.8,41.6,3.96483333333333,10.36,14.25,14.15,0.41,10.22
2016.05,358556.6,23.21,5.38,0.01002822,0.5,-1212.8,41.6,3.94182,10.36,14.25,14.15,0.41,10.22
2016.04,357230.2,21.52,-4.27,0.0105588,0.5,-6078,29,4.07366,10.71,14.25,14.15,0.14,9.5
2016.03,356591.4,21.52,-4.27,0.0105588,0.5,-6078,29,4.08636,10.71,14.25,14.15,0.14,9.5
2016.02,356677.8,21.52,-4.27,0.0105588,0.5,-6078,29,4.0188,10.71,14.25,14.15,0.14,9.5
2016.01,356353.6,21.52,-4.27,0.0105588,0.5,-6078,29,4.03058,10.71,14.25,14.15,0.14,9.5
2015.53,356428.5,21.9,11.71,0.01162079,0.5,783.4,152.6,3.89435,10.67,14.25,14.15,0.21,8.95
2015.52,356739,21.9,11.71,0.01162079,0.5,783.4,152.6,3.968925,10.67,14.25,14.15,0.21,8.95
2015.51,357661.6,21.9,11.71,0.01162079,0.5,783.4,152.6,3.90148,10.67,14.25,14.15,0.21,8.95
2015.5,358922,21.9,11.71,0.01162079,0.5,783.4,152.6,3.7842,10.67,14.25,14.15,0.21,8.95
2015.49,358452.2,21.9,11.71,0.01162079,0.5,783.4,152.6,3.82682,10.67,14.25,14.15,0.21,8.95
2015.48,357632.4,20.51,4.23,0.0105588,0.25,-3121.3,1,3.7401,10.48,14.25,14.15,0.24,9
2015.47,358418.8,20.51,4.23,0.0105588,0.25,-3121.3,1,3.77522,10.48,14.25,14.15,0.24,9
2015.46,358866.6,20.51,4.23,0.0105588,0.25,-3121.3,1,3.7851,10.48,14.25,14.15,0.24,9
2015.45,360245,20.51,4.23,0.0105588,0.25,-3121.3,1,3.794125,10.48,14.25,14.15,0.24,9
2015.44,361488.4,20.51,4.23,0.0105588,0.25,-3121.3,1,3.8882,10.48,14.25,14.15,0.24,9
2015.43,362323.6,19.83,2.38,0.01108965,0.25,-4280.1,14.1,3.9081,9.93,14.25,14.15,0.25,8.95
2015.42,362941.75,19.83,2.38,0.01108965,0.25,-4280.1,14.1,3.838475,9.93,14.25,14.15,0.25,8.95
2015.41,362099.8,19.83,2.38,0.01108965,0.25,-4280.1,14.1,3.83342,9.93,14.25,14.15,0.25,8.95
2015.4,361736.8,19.83,2.38,0.01108965,0.25,-4280.1,14.1,4.01608,9.93,14.25,14.15,0.25,8.95
2015.39,364733.6,18.88,1.38,0.01108965,0.25,-2271.9,31.2,4.0543,9.49,14.25,14.15,0.17,8.88
2015.38,366744,18.88,1.38,0.01108965,0.25,-2271.9,31.2,3.87124,9.49,14.25,14.15,0.17,8.88
2015.37,368252,18.88,1.38,0.01108965,0.25,-2271.9,31.2,3.83235,9.49,14.25,14.15,0.17,8.88
2015.36,368006.6,18.88,1.38,0.01108965,0.25,-2271.9,31.2,3.72504,9.49,14.25,14.15,0.17,8.88
2015.35,369087.8,19.63,1.38,0.01108965,0.25,-2308.2,65.1,3.5702,9.53,14.25,14.15,0.26,8.72
2015.34,368648.2,19.63,1.38,0.01108965,0.25,-2308.2,65.1,3.48106,9.53,14.25,14.15,0.26,8.72
2015.33,368425.4,19.63,1.38,0.01108965,0.25,-2308.2,65.1,3.4899,9.53,14.25,14.15,0.26,8.72
2015.32,367715.8,19.63,1.38,0.01108965,0.25,-2308.2,65.1,3.48958,9.53,14.25,14.15,0.26,8.72
2015.31,368170.6,19.63,1.38,0.01108965,0.25,-2308.2,65.1,3.36766,9.53,14.0357142857143,13.85,0.26,8.72
2015.3,367684.2,20.31,1.18,0.01178198,0.25,-5888.7,54.4,3.2432,9.56,13.75,13.65,0.35,8.55
2015.29,368047.2,20.31,1.18,0.01178198,0.25,-5888.7,54.4,3.15126,9.56,13.75,13.65,0.35,8.55
2015.28,369037.8,20.31,1.18,0.01178198,0.25,-5888.7,54.4,3.19164,9.56,13.75,13.65,0.35,8.55
2015.27,368685.2,20.31,1.18,0.01178198,0.25,-5888.7,54.4,3.12102,9.56,13.75,13.65,0.35,8.55
2015.26,368523.8,20.96,1.73,0.01066676,0.25,-3144.7,18.8,3.09874,8.89,13.75,13.65,0.51,8.31
2015.25,368943.8,20.96,1.73,0.01066676,0.25,-3144.7,18.8,3.08734,8.89,13.75,13.65,0.51,8.31
2015.24,368132.8,20.96,1.73,0.01066676,0.25,-3144.7,18.8,3.1129,8.89,13.75,13.65,0.51,8.31
2015.23,367490.25,20.96,1.73,0.01066676,0.25,-3144.7,18.8,3.1525,8.89,13.5357142857143,13.275,0.51,8.31
2015.22,366474.8,20.13,1.81,0.00985322,0.25,-3463,36,3.15678,8.47,13.25,13.15,0.18,8.14
2015.21,367662.2,20.13,1.81,0.00985322,0.25,-3463,36,3.03448,8.47,13.25,13.15,0.18,8.14
2015.2,368651.8,20.13,1.81,0.00985322,0.25,-3463,36,3.01186,8.47,13.25,13.15,0.18,8.14
2015.19,367143.4,20.13,1.81,0.00985322,0.25,-3463,36,3.04374,8.47,13.25,13.15,0.18,8.14
2015.18,364960.5,20.13,1.81,0.00985322,0.25,-3463,36,2.93725,8.47,13.0357142857143,12.7875,0.18,8.14
2015.17,364058,20.29,-2.16,0.00951792,0.25,-5603.9,9.5,3.0122,8.17,12.75,12.65,0.3,8.01
2015.16,363473.8,20.29,-2.16,0.00951792,0.25,-5603.9,9.5,3.0673,8.17,12.75,12.65,0.3,8.01
2015.15,363284.6,20.29,-2.16,0.00951792,0.25,-5603.9,9.5,3.08506,8.17,12.75,12.65,0.3,8.01
2015.14,362924,20.29,-2.16,0.00951792,0.25,-5603.9,9.5,3.193225,8.17,12.75,12.65,0.3,8.01
2015.13,363492.8,19.49,-0.29,0.01039967,0.25,-5759.1,14.7,3.1752,8.13,12.75,12.65,0.68,7.94
2015.12,361706.2,19.49,-0.29,0.01039967,0.25,-5759.1,14.7,3.25046,8.13,12.75,12.65,0.68,7.94
2015.11,361333.6,19.49,-0.29,0.01039967,0.25,-5759.1,14.7,3.13828,8.13,12.75,12.65,0.68,7.94
2015.1,362610.6,19.49,-0.29,0.01039967,0.25,-5759.1,14.7,2.95614,8.13,12.5357142857143,12.35,0.68,7.94
2015.09,362472,19.49,-0.29,0.01039967,0.25,-5759.1,14.7,2.87232,8.13,12.25,12.15,0.68,7.94
2015.08,362153.333333333,20.47,1.43,0.00822411,0.25,-7404,50.3,2.85586666666667,7.7,12.25,12.15,0.19,7.42
2015.07,362151.2,20.47,1.43,0.00822411,0.25,-7404,50.3,2.83082,7.7,12.25,12.15,0.19,7.42
2015.06,362905.4,20.47,1.43,0.00822411,0.25,-7404,50.3,2.72256,7.7,12.25,12.15,0.19,7.42
2015.05,362055.8,20.47,1.43,0.00822411,0.25,-7404,50.3,2.6031,7.7,12.25,12.15,0.19,7.42
2015.04,362977.2,20.82,-2.09,0.00935075,0.25,-12010.6,13.4,2.60136,7.14,12.0357142857143,11.85,0.35,6.8
2015.03,363411.6,20.82,-2.09,0.00935075,0.25,-12010.6,13.4,2.63194,7.14,11.75,11.65,0.35,6.8
2015.02,362858.8,20.82,-2.09,0.00935075,0.25,-12010.6,13.4,2.68878,7.14,11.75,11.65,0.35,6.8
2015.01,362915,20.82,-2.09,0.00935075,0.25,-12010.6,13.4,2.6929,7.14,11.75,11.65,0.35,6.8
2014.52,364585.5,20.78,-0.15,0.00961295,0.25,-9415.4,18.3,2.67365,6.41,11.75,11.65,0.54,6.49
2014.51,372125.8,20.78,-0.15,0.00961295,0.25,-9415.4,18.3,2.69056,6.41,11.75,11.65,0.54,6.49
2014.5,374628.4,20.78,-0.15,0.00961295,0.25,-9415.4,18.3,2.61398,6.41,11.75,11.65,0.54,6.49
2014.49,374891.4,20.78,-0.15,0.00961295,0.25,-9415.4,18.3,2.5716,6.41,11.5357142857143,11.35,0.54,6.49
2014.48,375570.4,20.75,1.34,0.00842493,0.25,-9801.5,26.8,2.52576,6.56,11.25,11.15,0.52,6.5
2014.47,375277.4,20.75,1.34,0.00842493,0.25,-9801.5,26.8,2.57384,6.56,11.25,11.15,0.52,6.5
2014.46,375043.8,20.75,1.34,0.00842493,0.25,-9801.5,26.8,2.5689,6.56,11.25,11.15,0.52,6.5
2014.45,375122.4,20.75,1.34,0.00842493,0.25,-9801.5,26.8,2.52496,6.56,11.25,11.15,0.52,6.5
2014.44,376964.4,20.75,1.34,0.00842493,0.25,-9801.5,26.8,2.46234,6.56,11.1428571428571,11,0.52,6.5
2014.43,377223.6,20.94,-0.98,0.00950532,0.25,-9305.4,27.3,2.47882,6.59,11,10.9,0.6,6.62
2014.42,377212.2,20.94,-0.98,0.00950532,0.25,-9305.4,27.3,2.42954,6.59,11,10.9,0.6,6.62
2014.41,376165.4,20.94,-0.98,0.00950532,0.25,-9305.4,27.3,2.4045,6.59,11,10.9,0.6,6.62
2014.4,375677.6,20.94,-0.98,0.00950532,0.25,-9305.4,27.3,2.46744,6.59,11,10.9,0.6,6.62
2014.39,376264.2,20.8,4.32,0.00907292,0.25,-8016.3,35.3,2.40722,6.75,11,10.9,0.81,6.77
2014.38,376799.6,20.8,4.32,0.00907292,0.25,-8016.3,35.3,2.3492,6.75,11,10.9,0.81,6.77
2014.37,377318.6,20.8,4.32,0.00907292,0.25,-8016.3,35.3,2.28804,6.75,11,10.9,0.81,6.77
2014.36,378543.4,20.8,4.32,0.00907292,0.25,-8016.3,35.3,2.23952,6.75,11,10.9,0.81,6.77
2014.35,378960.8,21.05,2.46,0.00865982,0.25,-5998.3,25.3,2.26084,6.51,11,10.9,0.56,6.88
2014.34,379184,21.05,2.46,0.00865982,0.25,-5998.3,25.3,2.26184,6.51,11,10.904,0.56,6.88
2014.33,379551.4,21.05,2.46,0.00865982,0.25,-5998.3,25.3,2.27268,6.51,11,10.902,0.56,6.88
2014.32,379285.8,21.05,2.46,0.00865982,0.25,-5998.3,25.3,2.27822,6.51,11,10.9,0.56,6.88
2014.31,377149.6,21.05,2.46,0.00865982,0.25,-5998.3,25.3,2.24616,6.51,11,10.9,0.56,6.88
2014.3,377801.8,20.5,0.39,0.00948727,0.25,-10317.2,-1.9,2.22132,6.5,11,10.9,0.55,6.9
2014.29,377944.4,20.5,0.39,0.00948727,0.25,-10317.2,-1.9,2.22658,6.5,11,10.9,0.55,6.9
2014.28,378053.4,20.5,0.39,0.00948727,0.25,-10317.2,-1.9,2.2191,6.5,11,10.9,0.55,6.9
2014.27,376142.2,20.5,0.39,0.00948727,0.25,-10317.2,-1.9,2.21286,6.5,11,10.9,0.55,6.9
2014.26,372831.6,20.38,0.59,0.00824472,0.25,-4723.4,6.4,2.21056,6.52,11,10.9,0.39,6.85
2014.25,371965.25,20.38,0.59,0.00824472,0.25,-4723.4,6.4,2.242825,6.52,11,10.9,0.39,6.85
2014.24,371720.4,20.38,0.59,0.00824472,0.25,-4723.4,6.4,2.23184,6.52,11,10.9,0.39,6.85
2014.23,371517.2,20.38,0.59,0.00824472,0.25,-4723.4,6.4,2.26472,6.52,11,10.9,0.39,6.85
2014.22,368747.4,20.38,0.59,0.00824472,0.25,-4723.4,6.4,2.23218,6.52,11,10.9,0.39,6.85
2014.21,368704.6,19.91,2.3,0.00865873,0.25,-6647.9,4.7,2.21392,6.37,11,10.9,0.74,6.98
2014.2,368650.2,19.91,2.3,0.00865873,0.25,-6647.9,4.7,2.2134,6.37,11,10.9,0.74,6.98
2014.19,368614.8,19.91,2.3,0.00865873,0.25,-6647.9,4.7,2.22378,6.37,11,10.9,0.74,6.98
2014.18,366540,19.91,2.3,0.00865873,0.25,-6647.9,4.7,2.22875,6.37,11,10.9,0.74,6.98
2014.17,366183.25,19.62,-3.54,0.00822668,0.25,-8168.1,5.2,2.235725,6.28,11,10.9,0.67,7.14
2014.16,366404,19.62,-3.54,0.00822668,0.25,-8168.1,5.2,2.229425,6.28,11,10.9,0.67,7.14
2014.15,366395.6,19.62,-3.54,0.00822668,0.25,-8168.1,5.2,2.20914,6.28,11,10.9,0.67,7.14
2014.14,364797.2,19.62,-3.54,0.00822668,0.25,-8168.1,5.2,2.26384,6.28,10.8928571428571,10.75,0.67,7.14
2014.13,363586.6,19.74,-0.67,0.00765957,0.25,-7536.3,12.4,2.29848,6.15,10.75,10.65,0.76,7.17
2014.12,363955.6,19.74,-0.67,0.00765957,0.25,-7536.3,12.4,2.34086,6.15,10.75,10.65,0.76,7.17
2014.11,364139.2,19.74,-0.67,0.00765957,0.25,-7536.3,12.4,2.35288,6.15,10.75,10.65,0.76,7.17
2014.1,363606.666666667,19.74,-0.67,0.00765957,0.25,-7536.3,12.4,2.32386666666667,6.15,10.75,10.65,0.76,7.17
2014.09,362343.2,19.74,-0.67,0.00765957,0.25,-7536.3,12.4,2.33964,6.15,10.6428571428571,10.5,0.76,7.17
2014.08,362243,19.32,0.74,0.00790146,0.25,-8156.3,25.6,2.38526,5.68,10.5,10.4,1.06,6.75
2014.07,362077.4,19.32,0.74,0.00790146,0.25,-8156.3,25.6,2.4052,5.68,10.5,10.4,1.06,6.75
2014.06,361596.6,19.32,0.74,0.00790146,0.25,-8156.3,25.6,2.40462,5.68,10.5,10.4,1.06,6.75
2014.05,361327,19.32,0.74,0.00790146,0.25,-8156.3,25.6,2.42186,5.68,10.5,10.4,1.06,6.75
2014.04,361059,18.79,-2.72,0.00849344,0.25,-13344.9,46.2,2.36868,5.59,10.5,10.4,0.86,6.4
2014.03,361086.8,18.79,-2.72,0.00849344,0.25,-13344.9,46.2,2.35724,5.59,10.2857142857143,10.1,0.86,6.4
2014.02,361012,18.79,-2.72,0.00849344,0.25,-13344.9,46.2,2.37962,5.59,10,9.9,0.86,6.4
2014.01,362388.2,18.79,-2.72,0.00849344,0.25,-13344.9,46.2,2.55246,5.59,10.65625,10.95,0.86,6.4
2013.52,358858.25,19.23,-3.09,0.00789746,0.25,-4322.8,17.2,2.357625,5.91,10,9.9,1,6.18
2013.51,359443,19.23,-3.09,0.00789746,0.25,-4322.8,17.2,2.3419,5.91,10,9.9,1,6.18
2013.5,360545.2,19.23,-3.09,0.00789746,0.25,-4322.8,17.2,2.32562,5.91,10,9.9,1,6.18
2013.49,361311.8,19.23,-3.09,0.00789746,0.25,-4322.8,17.2,2.36038,5.91,10,9.898,1,6.18
2013.48,362292,19.23,-3.09,0.00789746,0.25,-4322.8,17.2,2.30852,5.91,9.78571428571429,9.6,1,6.18
2013.47,362604.4,19.35,-6.11,0.00719208,0.25,-5374.5,9.7,2.28392,5.77,9.5,9.4,0.84,6.48
2013.46,362171,19.35,-6.11,0.00719208,0.25,-5374.5,9.7,2.325675,5.77,9.5,9.4,0.84,6.48
2013.45,363092.2,19.35,-6.11,0.00719208,0.25,-5374.5,9.7,2.27906,5.77,9.5,9.4,0.84,6.48
2013.44,364871.8,19.35,-6.11,0.00719208,0.25,-5374.5,9.7,2.20064,5.77,9.5,9.4,0.84,6.48
2013.43,366174.6,20.46,-1.12,0.0081051,0.25,-6874.9,22.4,2.1835,5.84,9.5,9.4,0.87,6.71
2013.42,366161.4,20.46,-1.12,0.0081051,0.25,-6874.9,22.4,2.16982,5.84,9.5,9.4,0.87,6.71
2013.41,366649.4,20.46,-1.12,0.0081051,0.25,-6874.9,22.4,2.19656,5.84,9.28571428571429,9.1,0.87,6.71
2013.4,367968.4,20.46,-1.12,0.0081051,0.25,-6874.9,22.4,2.21262,5.84,9,8.9,0.87,6.71
2013.39,368354,20.42,2.44,0.00713029,0.25,-4283.5,15.7,2.22288,5.86,9,8.9,0.89,6.94
2013.38,368428.8,20.42,2.44,0.00713029,0.25,-4283.5,15.7,2.23688,5.86,9,8.9,0.89,6.94
2013.37,368063.8,20.42,2.44,0.00713029,0.25,-4283.5,15.7,2.28296,5.86,9,8.9,0.89,6.94
2013.36,367383.2,20.42,2.44,0.00713029,0.25,-4283.5,15.7,2.34742,5.86,9,8.9,0.89,6.94
2013.35,367313.6,20.42,2.44,0.00713029,0.25,-4283.5,15.7,2.37042,5.86,8.78571428571429,8.6,0.89,6.94
2013.34,370953.2,19.38,0.01,0.00710315,0.25,-5250.5,61.5,2.40834,6.09,8.5,8.4,0.66,7.11
2013.33,372406.2,19.38,0.01,0.00710315,0.25,-5250.5,61.5,2.31748,6.09,8.5,8.4,0.66,7.11
2013.32,372705.6,19.38,0.01,0.00710315,0.25,-5250.5,61.5,2.29246,6.09,8.5,8.4,0.66,7.11
2013.31,371845.2,19.38,0.01,0.00710315,0.25,-5250.5,61.5,2.28186,6.09,8.5,8.4,0.66,7.11
2013.3,371763.4,19.64,-0.82,0.00724092,0.25,-11661,62.8,2.23972,6.27,8.5,8.4,0.87,7.28
2013.29,371027,19.64,-0.82,0.00724092,0.25,-11661,62.8,2.23868,6.27,8.5,8.4,0.87,7.28
2013.28,369306.8,19.64,-0.82,0.00724092,0.25,-11661,62.8,2.265,6.27,8.28571428571429,8.1,0.87,7.28
2013.27,369652.8,19.64,-0.82,0.00724092,0.25,-11661,62.8,2.25166,6.27,8,7.9,0.87,7.28
2013.26,369528,20.14,-0.32,0.00605273,0.25,-3537.3,18,2.21354,6.7,8,7.9,0.88,7.43
2013.25,375136.6,20.14,-0.32,0.00605273,0.25,-3537.3,18,2.20318,6.7,8,7.9,0.88,7.43
2013.24,375408.2,20.14,-0.32,0.00605273,0.25,-3537.3,18,2.14522,6.7,8,7.9,0.88,7.43
2013.23,375220.4,20.14,-0.32,0.00605273,0.25,-3537.3,18,2.12988,6.7,8,7.9,0.88,7.43
2013.22,374742.75,20.14,-0.32,0.00605273,0.25,-3537.3,18,2.0839,6.7,7.78571428571429,7.525,0.88,7.43
2013.21,375389.6,20.45,-1.19,0.00598536,0.25,-6325,4,2.04308,6.5,7.5,7.4,0.77,7.58
2013.2,376001.8,20.45,-1.19,0.00598536,0.25,-6325,4,2.02108,6.5,7.5,7.4,0.77,7.58
2013.19,377871.2,20.45,-1.19,0.00598536,0.25,-6325,4,2.0113,6.5,7.5,7.4,0.77,7.58
2013.18,378402.5,20.45,-1.19,0.00598536,0.25,-6325,4,2.0051,6.5,7.5,7.4,0.77,7.58
2013.17,377105,21.1,-1.61,0.00613646,0.25,-6744.6,13.1,2.01376,6.49,7.5,7.4,1.15,7.84
2013.16,377167.8,21.1,-1.61,0.00613646,0.25,-6744.6,13.1,1.99746,6.49,7.39285714285714,7.26,1.15,7.84
2013.15,377772,21.1,-1.61,0.00613646,0.25,-6744.6,13.1,1.9814,6.49,7.25,7.16,1.15,7.84
2013.14,377142.4,21.1,-1.61,0.00613646,0.25,-6744.6,13.1,2.0168,6.49,7.25,7.16,1.15,7.84
2013.13,376631,21.22,-0.25,0.00549404,0.25,-6432.9,20.8,2.01375,6.59,7.25,7.16,0.7,7.98
2013.12,376408.4,21.22,-0.25,0.00549404,0.25,-6432.9,20.8,1.99252,6.59,7.25,7.16,0.7,7.98
2013.11,375605,21.22,-0.25,0.00549404,0.25,-6432.9,20.8,1.96362,6.59,7.25,7.148,0.7,7.98
2013.1,376143,21.22,-0.25,0.00549404,0.25,-6432.9,20.8,1.96726,6.59,7.25,7.126,0.7,7.98
2013.09,374055.8,21.22,-0.25,0.00549404,0.25,-6432.9,20.8,1.97806,6.59,7.25,7.166,0.7,7.98
2013.08,373518.6,21.37,1.79,0.0049275,0.25,-5897.6,8.1,1.96536,6.31,7.25,7.11,0.64,7.72
2013.07,373808.666666667,21.37,1.79,0.0049275,0.25,-5897.6,8.1,1.96453333333333,6.31,7.25,7.11,0.64,7.72
2013.06,374555.4,21.37,1.79,0.0049275,0.25,-5897.6,8.1,1.98166,6.31,7.25,7.11,0.64,7.72
2013.05,373431,21.37,1.79,0.0049275,0.25,-5897.6,8.1,1.99558,6.31,7.25,7.11,0.64,7.72
2013.04,373721,20.88,-6.29,0.0060144,0.25,-13087.7,69,2.03828,6.15,7.25,7.11,0.97,7.22
2013.03,374046.2,20.88,-6.29,0.0060144,0.25,-13087.7,69,2.03938,6.15,7.25,7.11,0.97,7.22
2013.02,372866.2,20.88,-6.29,0.0060144,0.25,-13087.7,69,2.03428,6.15,7.25,7.11,0.97,7.22
2013.01,367145.6,20.88,-6.29,0.0060144,0.25,-13087.7,69,2.16312,6.15,7.9375,8.226,0.97,7.22
2012.52,373958.75,20.82,-6.58,0.00550152,0.25,-8860.8,8.6,2.056525,5.84,7.71875,7.2375,0.66,6.86
2012.51,377498.6,20.82,-6.58,0.00550152,0.25,-8860.8,8.6,2.08084,5.84,7.25,7.112,0.66,6.86
2012.5,378718,20.82,-6.58,0.00550152,0.25,-8860.8,8.6,2.0789,5.84,7.25,7.13,0.66,6.86
2012.49,378874.2,20.82,-6.58,0.00550152,0.25,-8860.8,8.6,2.09768,5.84,7.25,7.14,0.66,6.86
2012.48,378379.8,20.82,-6.58,0.00550152,0.25,-8860.8,8.6,2.09032,5.84,7.25,7.14,0.66,6.86
2012.47,377649.2,20.8,1.38,0.00548846,0.25,-9139.7,27.2,2.08802,5.53,7.25,7.14,0.73,6.77
2012.46,377763.75,20.8,1.38,0.00548846,0.25,-9139.7,27.2,2.060775,5.53,7.25,7.14,0.73,6.77
2012.45,377693,20.8,1.38,0.00548846,0.25,-9139.7,27.2,2.0378,5.53,7.25,7.14,0.73,6.77
2012.44,377716.5,20.8,1.38,0.00548846,0.25,-9139.7,27.2,2.0311,5.53,7.25,7.14,0.73,6.77
2012.43,377409.6,21.13,-2.38,0.00611339,0.25,-7034.7,-5.1,2.02678,5.45,7.25,7.14,0.95,6.9
2012.42,378153.2,21.13,-2.38,0.00611339,0.25,-7034.7,-5.1,2.03272,5.45,7.25,7.14,0.95,6.9
2012.41,378248.25,21.13,-2.38,0.00611339,0.25,-7034.7,-5.1,2.034925,5.45,7.35714285714286,7.3275,0.95,6.9
2012.4,378696.4,21.13,-2.38,0.00611339,0.25,-7034.7,-5.1,2.02524,5.45,7.5,7.39,0.95,6.9
2012.39,378662.8,21.29,-0.24,0.00538995,0.25,-4811.4,15.5,2.02964,5.28,7.5,7.39,0.69,7.07
2012.38,378717.2,21.29,-0.24,0.00538995,0.25,-4811.4,15.5,2.0265,5.28,7.5,7.39,0.69,7.07
2012.37,378606.8,21.29,-0.24,0.00538995,0.25,-4811.4,15.5,2.0207,5.28,7.5,7.39,0.69,7.07
2012.36,377270,21.29,-0.24,0.00538995,0.25,-4811.4,15.5,2.037325,5.28,7.5,7.39,0.69,7.07
2012.35,376736.4,21.29,-0.24,0.00538995,0.25,-4811.4,15.5,2.0424,5.28,7.71428571428571,7.69,0.69,7.07
2012.34,375935.8,21.36,-0.28,0.00691811,0.25,-4129,62.6,2.02176,5.24,8,7.89,0.94,7.3
2012.33,375332.8,21.36,-0.28,0.00691811,0.25,-4129,62.6,2.02308,5.24,8,7.89,0.94,7.3
2012.32,375694,21.36,-0.28,0.00691811,0.25,-4129,62.6,2.0238,5.24,8,7.89,0.94,7.3
2012.31,375825.6,21.36,-0.28,0.00691811,0.25,-4129,62.6,2.04064,5.24,8,7.89,0.94,7.3
2012.3,375113.6,21.33,-0.92,0.00679965,0.25,-7931.1,28,2.03322,5.2,8,7.89,0.92,7.44
2012.29,375072.4,21.33,-0.92,0.00679965,0.25,-7931.1,28,2.02906,5.2,8,7.89,0.92,7.44
2012.28,374063,21.33,-0.92,0.00679965,0.25,-7931.1,28,2.03526,5.2,8.21428571428571,8.19,0.92,7.44
2012.27,374160.8,21.33,-0.92,0.00679965,0.25,-7931.1,28,2.01266,5.2,8.5,8.39,0.92,7.44
2012.26,373198.6,21.33,-0.92,0.00679965,0.25,-7931.1,28,2.06684,5.2,8.5,8.392,0.92,7.44
2012.25,373457.8,21.61,-0.51,0.00641503,0.25,-7064.7,14.4,2.0457,4.92,8.5,8.39,0.62,7.52
2012.24,372989.6,21.61,-0.51,0.00641503,0.25,-7064.7,14.4,2.053,4.92,8.5,8.39,0.62,7.52
2012.23,372603.75,21.61,-0.51,0.00641503,0.25,-7064.7,14.4,2.0303,4.92,8.5,8.39,0.62,7.52
2012.22,372496.8,21.61,-0.51,0.00641503,0.25,-7064.7,14.4,2.00746,4.92,8.71428571428571,8.688,0.62,7.52
2012.21,372522.4,21.63,-0.39,0.00744724,0.25,-6135,21.7,2.04198,4.99,9,8.89,0.77,7.61
2012.2,373261,21.63,-0.39,0.00744724,0.25,-6135,21.7,1.9971,4.99,9,8.89,0.77,7.61
2012.19,374369,21.63,-0.39,0.00744724,0.25,-6135,21.7,1.9461,4.99,9,8.9,0.77,7.61
2012.18,374221,21.63,-0.39,0.00744724,0.25,-6135,21.7,1.91385,4.99,9,8.9,0.77,7.61
2012.17,372897.6,22.49,-3,0.00711876,0.25,-6194.4,6.3,1.88348,5.1,9,8.9,0.74,7.76
2012.16,369728.8,22.49,-3,0.00711876,0.25,-6194.4,6.3,1.86348,5.1,9.32142857142857,9.35,0.74,7.76
2012.15,366333.2,22.49,-3,0.00711876,0.25,-6194.4,6.3,1.83028,5.1,9.75,9.65,0.74,7.76
2012.14,365263,22.49,-3,0.00711876,0.25,-6194.4,6.3,1.829675,5.1,9.75,9.65,0.74,7.76
2012.13,364159.4,22.49,-3,0.00711876,0.25,-6194.4,6.3,1.82112,5.1,9.75,9.65,0.74,7.76
2012.12,360443.4,23.27,-1.89,0.00821139,0.25,-6122.9,14.4,1.8212,5.24,9.75,9.65,1.03,7.95
2012.11,355503.8,23.27,-1.89,0.00821139,0.25,-6122.9,14.4,1.80858,5.24,9.75,9.65,1.03,7.95
2012.1,356486.2,23.27,-1.89,0.00821139,0.25,-6122.9,14.4,1.76052,5.24,10.0714285714286,10.1,1.03,7.95
2012.09,355963.2,23.27,-1.89,0.00821139,0.25,-6122.9,14.4,1.71202,5.24,10.5,10.4,1.03,7.95
2012.08,354677.666666667,24.13,-1.45,0.00748773,0.25,-4696.3,7.7,1.70713333333333,5.85,10.5,10.4,0.74,7.69
2012.07,354645,24.13,-1.45,0.00748773,0.25,-4696.3,7.7,1.71924,5.85,10.5,10.4,0.74,7.69
2012.06,355025.2,24.13,-1.45,0.00748773,0.25,-4696.3,7.7,1.7238,5.85,10.5,10.4,0.74,7.69
2012.05,355061,24.13,-1.45,0.00748773,0.25,-4696.3,7.7,1.7365,5.85,10.5,10.4,0.74,7.69
2012.04,353499,23.84,-5.5,0.00891016,0.25,-11680.1,6.5,1.75268,6.22,10.5,10.4,0.79,7.13
2012.03,352640.4,23.84,-5.5,0.00891016,0.25,-11680.1,6.5,1.7741,6.22,10.7142857142857,10.7,0.79,7.13
2012.02,352103.6,23.84,-5.5,0.00891016,0.25,-11680.1,6.5,1.80518,6.22,11,10.9,0.79,7.13
2012.01,355521.666666667,23.84,-5.5,0.00891016,0.25,-11680.1,6.5,1.87778333333333,6.22,10.53125,10.2983333333333,0.79,7.13
2011.52,351653.6,23.06,-0.64,0.00907328,0.25,-6591.1,10.7,1.86602,6.5,10.9375,10.902,0.84,6.87
2011.51,351694.8,23.06,-0.64,0.00907328,0.25,-6591.1,10.7,1.85636,6.5,11,10.9,0.84,6.87
2011.5,351562,23.06,-0.64,0.00907328,0.25,-6591.1,10.7,1.8486,6.5,11,10.9,0.84,6.87
2011.49,352527.8,23.06,-0.64,0.00907328,0.25,-6591.1,10.7,1.79588,6.5,11,10.9,0.84,6.87
2011.48,351561.8,23.06,-0.64,0.00907328,0.25,-6591.1,10.7,1.81926,6.5,11.2142857142857,11.2,0.84,6.87
2011.47,350448.8,23.39,-1.23,0.00860477,0.25,-7865.4,10.5,1.84336,6.64,11.5,11.4,0.77,6.87
2011.46,351581,23.39,-1.23,0.00860477,0.25,-7865.4,10.5,1.772975,6.64,11.5,11.4,0.77,6.87
2011.45,352567,23.39,-1.23,0.00860477,0.25,-7865.4,10.5,1.75258,6.64,11.5,11.4,0.77,6.87
2011.44,352612.75,23.39,-1.23,0.00860477,0.25,-7865.4,10.5,1.7269,6.64,11.5,11.4,0.77,6.87
2011.43,352143.6,24.28,-3.01,0.00881955,0.25,-5424.3,16.5,1.74462,6.97,11.5,11.4,0.79,7.21
2011.42,350887.2,24.28,-3.01,0.00881955,0.25,-5424.3,16.5,1.7689,6.97,11.7142857142857,11.698,0.79,7.21
2011.41,350113.75,24.28,-3.01,0.00881955,0.25,-5424.3,16.5,1.7512,6.97,12,11.9,0.79,7.21
2011.4,349283.2,24.28,-3.01,0.00881955,0.25,-5424.3,16.5,1.8381,6.97,12,11.9,0.79,7.21
2011.39,350144.2,24.28,-3.01,0.00881955,0.25,-5424.3,16.5,1.82838,6.97,12,11.9,0.79,7.21
2011.38,351509.6,23.22,-1.65,0.00941761,0.25,-5069.6,33.5,1.83328,7.31,12,11.9,0.73,7.39
2011.37,352143.4,23.22,-1.65,0.00941761,0.25,-5069.6,33.5,1.71084,7.31,12,11.91,0.73,7.39
2011.36,353046,23.22,-1.65,0.00941761,0.25,-5069.6,33.5,1.661125,7.31,12,11.91,0.73,7.39
2011.35,353354,23.22,-1.65,0.00941761,0.25,-5069.6,33.5,1.60266,7.31,12.2142857142857,12.21,0.73,7.39
2011.34,352747.8,25.19,-0.54,0.01074063,0.25,-5473.1,24.6,1.60704,7.23,12.5,12.416,1.02,7.52
2011.33,352264.2,25.19,-0.54,0.01074063,0.25,-5473.1,24.6,1.59452,7.23,12.5,12.42,1.02,7.52
2011.32,350381.4,25.19,-0.54,0.01074063,0.25,-5473.1,24.6,1.61958,7.23,12.5,12.42,1.02,7.52
2011.31,347930.4,25.19,-0.54,0.01074063,0.25,-5473.1,24.6,1.5701,7.23,12.5,12.42,1.02,7.52
2011.3,344273,25.36,-2.92,0.00967885,0.25,-8201.9,53.7,1.55294,6.87,12.5,12.42,0.98,7.62
2011.29,340728,25.36,-2.92,0.00967885,0.25,-8201.9,53.7,1.56568,6.87,12.3928571428571,12.27,0.98,7.62
2011.28,339274.2,25.36,-2.92,0.00967885,0.25,-8201.9,53.7,1.57606,6.87,12.25,12.17,0.98,7.62
2011.27,337089.6,25.36,-2.92,0.00967885,0.25,-8201.9,53.7,1.56188,6.87,12.25,12.17,0.98,7.62
2011.26,335740.2,25.36,-2.92,0.00967885,0.25,-8201.9,53.7,1.57484,6.87,12.25,12.17,0.98,7.62
2011.25,335819.75,25.51,-2.62,0.00956276,0.25,-5589,-1,1.5936,6.71,12.25,12.17,1.22,7.77
2011.24,335213.2,25.51,-2.62,0.00956276,0.25,-5589,-1,1.59512,6.71,12.25,12.17,1.22,7.77
2011.23,335331.6,25.51,-2.62,0.00956276,0.25,-5589,-1,1.58418,6.71,12.1428571428571,12.02,1.22,7.77
2011.22,333598,25.51,-2.62,0.00956276,0.25,-5589,-1,1.58368,6.71,12,11.92,1.22,7.77
2011.21,331551,25.53,-1.22,0.00987985,0.25,-6050.1,18.8,1.62252,6.55,12,11.92,1.24,7.94
2011.2,330523.8,25.53,-1.22,0.00987985,0.25,-6050.1,18.8,1.62214,6.55,12,11.92,1.24,7.94
2011.19,329474.2,25.53,-1.22,0.00987985,0.25,-6050.1,18.8,1.61962,6.55,12,11.92,1.24,7.94
2011.18,328173.2,25.53,-1.22,0.00987985,0.25,-6050.1,18.8,1.59994,6.55,12,11.92,1.24,7.94
2011.17,327071.2,25.53,-1.22,0.00987985,0.25,-6050.1,18.8,1.5733,6.55,12,11.92,1.24,7.94
2011.16,325057.666666667,25.58,-4.36,0.00840155,0.25,-5582.5,13.9,1.58086666666667,6.51,11.75,11.67,1.05,8.07
2011.15,322577.6,25.58,-4.36,0.00840155,0.25,-5582.5,13.9,1.58314,6.51,11.75,11.67,1.05,8.07
2011.14,320095.8,25.58,-4.36,0.00840155,0.25,-5582.5,13.9,1.59966,6.51,11.75,11.67,1.05,8.07
2011.13,316520.2,25.58,-4.36,0.00840155,0.25,-5582.5,13.9,1.64002,6.51,11.75,11.67,1.05,8.07
2011.12,316350,25.6,-2.78,0.00920458,0.25,-6137.4,24.4,1.66132,6.3,11.75,11.67,0.91,8.11
2011.11,314974,25.6,-2.78,0.00920458,0.25,-6137.4,24.4,1.66948,6.3,11.75,11.67,0.91,8.11
2011.1,311634,25.6,-2.78,0.00920458,0.25,-6137.4,24.4,1.66066666666667,6.3,11.75,11.67,0.91,8.11
2011.09,308957.2,25.6,-2.78,0.00920458,0.25,-6137.4,24.4,1.65712,6.3,11.5357142857143,11.37,0.91,8.11
2011.08,304856.6,25.5,-0.76,0.00843908,0.25,-4614.1,34.8,1.6671,6.01,11.25,11.17,1.26,8.01
2011.07,302006.2,25.5,-0.76,0.00843908,0.25,-4614.1,34.8,1.6681,6.01,11.25,11.17,1.26,8.01
2011.06,299971.8,25.5,-0.76,0.00843908,0.25,-4614.1,34.8,1.66978,6.01,11.25,11.17,1.26,8.01
2011.05,298883.6,25.5,-0.76,0.00843908,0.25,-4614.1,34.8,1.66942,6.01,11.25,11.168,1.26,8.01
2011.04,295239.8,25.46,-4.14,0.0086232,0.25,-9689.3,15.3,1.6734,5.99,11.25,11.164,1.14,7.67
2011.03,291311.8,25.46,-4.14,0.0086232,0.25,-9689.3,15.3,1.6743,5.99,11.0357142857143,10.86,1.14,7.67
2011.02,290183.2,25.46,-4.14,0.0086232,0.25,-9689.3,15.3,1.68232,5.99,10.75,10.66,1.14,7.67
2011.01,288929.4,25.46,-4.14,0.0086232,0.25,-9689.3,15.3,1.66994,5.99,10.75,10.666,1.14,7.67
2010.52,287574.8,25.76,-4.33,0.00928879,0.25,-4122.6,-16.7,1.678,5.91,10.75,10.664,1.1,7.5
2010.51,286772,25.76,-4.33,0.00928879,0.25,-4122.6,-16.7,1.69778,5.91,10.75,10.66,1.1,7.5
2010.5,286430,25.76,-4.33,0.00928879,0.25,-4122.6,-16.7,1.7018,5.91,10.75,10.662,1.1,7.5
2010.49,286206.6,25.76,-4.33,0.00928879,0.25,-4122.6,-16.7,1.69216,5.91,10.75,10.66,1.1,7.5
2010.48,285637.4,25.76,-4.33,0.00928879,0.25,-4122.6,-16.7,1.7086,5.91,10.75,10.66,1.1,7.5
2010.47,285623.4,25.73,-0.46,0.00807138,0.25,-7794.1,15.8,1.72644,5.63,10.75,10.66,1.36,7.55
2010.46,285324,25.73,-0.46,0.00807138,0.25,-7794.1,15.8,1.723125,5.63,10.75,10.66,1.36,7.55
2010.45,286327.4,25.73,-0.46,0.00807138,0.25,-7794.1,15.8,1.70772,5.63,10.75,10.66,1.36,7.55
2010.44,286399.75,25.73,-0.46,0.00807138,0.25,-7794.1,15.8,1.690025,5.63,10.75,10.66,1.36,7.55
2010.43,283756.2,25.83,-2.1,0.00807138,0.25,-6324.9,13.1,1.70548,5.2,10.75,10.66,1.15,7.89
2010.42,282510.2,25.83,-2.1,0.00807138,0.25,-6324.9,13.1,1.68366,5.2,10.75,10.66,1.15,7.89
2010.41,280273,25.83,-2.1,0.00807138,0.25,-6324.9,13.1,1.66005,5.2,10.75,10.66,1.15,7.89
2010.4,278357.8,25.83,-2.1,0.00807138,0.25,-6324.9,13.1,1.68058,5.2,10.75,10.66,1.15,7.89
2010.39,274889,25.83,-2.1,0.00807138,0.25,-6324.9,13.1,1.7,5.2,10.75,10.66,1.15,7.89
2010.38,272007.4,26.16,-7.73,0.00847666,0.25,-7319.3,43.3,1.71938,4.7,10.75,10.66,1.3,8.26
2010.37,265955,26.16,-7.73,0.00847666,0.25,-7319.3,43.3,1.71538,4.7,10.75,10.66,1.3,8.26
2010.36,262211.75,26.16,-7.73,0.00847666,0.25,-7319.3,43.3,1.72285,4.7,10.75,10.66,1.3,8.26
2010.35,261465.8,26.16,-7.73,0.00847666,0.25,-7319.3,43.3,1.7448,4.7,10.75,10.66,1.3,8.26
2010.34,260657.8,26.64,-1.03,0.0088821,0.25,-5381.5,27.9,1.76244,4.49,10.75,10.66,1.37,8.49
2010.33,260526,26.64,-1.03,0.0088821,0.25,-5381.5,27.9,1.75722,4.49,10.75,10.66,1.37,8.49
2010.32,259857,26.64,-1.03,0.0088821,0.25,-5381.5,27.9,1.76446,4.49,10.75,10.66,1.37,8.49
2010.31,258705.2,26.64,-1.03,0.0088821,0.25,-5381.5,27.9,1.75494,4.49,10.75,10.66,1.37,8.49
2010.3,256532.8,26.64,-1.03,0.0088821,0.25,-5381.5,27.9,1.76384,4.49,10.75,10.66,1.37,8.49
2010.29,255495.2,26.74,-0.18,0.0086103,0.25,-9131.5,47.1,1.77332,4.6,10.5357142857143,10.36,1.31,8.7
2010.28,254939.8,26.74,-0.18,0.0086103,0.25,-9131.5,47.1,1.76616,4.6,10.25,10.16,1.31,8.7
2010.27,254235,26.74,-0.18,0.0086103,0.25,-9131.5,47.1,1.76726,4.6,10.25,10.16,1.31,8.7
2010.26,253462.4,26.74,-0.18,0.0086103,0.25,-9131.5,47.1,1.79416,4.6,10.25,10.16,1.31,8.7
2010.25,253102,26.53,-0.23,0.00792576,0.25,-6558.7,9.1,1.77878,4.84,10.25,10.15,1.27,8.89
2010.24,252221.8,26.53,-0.23,0.00792576,0.25,-6558.7,9.1,1.78944,4.84,10.25,10.15,1.27,8.89
2010.23,250879.4,26.53,-0.23,0.00792576,0.25,-6558.7,9.1,1.8405,4.84,9.92857142857143,9.7,1.27,8.89
2010.22,250277,26.53,-0.23,0.00792576,0.25,-6558.7,9.1,1.829625,4.84,9.5,9.3975,1.27,8.89
2010.21,249286,26.66,0.45,0.00751364,0.25,-4802.2,12.2,1.84702,5.22,9.5,9.396,1.36,8.95
2010.2,249555.8,26.66,0.45,0.00751364,0.25,-4802.2,12.2,1.83438,5.22,9.5,9.4,1.36,8.95
2010.19,249774.8,26.66,0.45,0.00751364,0.25,-4802.2,12.2,1.78206,5.22,9.5,9.4,1.36,8.95
2010.18,249190.6,26.66,0.45,0.00751364,0.25,-4802.2,12.2,1.7886,5.22,9.5,9.4,1.36,8.95
2010.17,246801.6,26.66,0.45,0.00751364,0.25,-4802.2,12.2,1.74446,5.22,9.17857142857143,8.942,1.36,8.95
2010.16,246437.25,27.1,-5.38,0.00665913,0.25,-6151.4,12.4,1.758375,5.26,8.75,8.6475,1.37,9.1
2010.15,245531.8,27.1,-5.38,0.00665913,0.25,-6151.4,12.4,1.75358,5.26,8.75,8.65,1.37,9.1
2010.14,244067.6,27.1,-5.38,0.00665913,0.25,-6151.4,12.4,1.76752,5.26,8.75,8.65,1.37,9.1
2010.13,243714.25,27.1,-5.38,0.00665913,0.25,-6151.4,12.4,1.788175,5.26,8.75,8.65,1.37,9.1
2010.12,243203.8,27.37,1.26,0.0076007,0.25,-8048.1,23.6,1.79972,5.17,8.75,8.65,1.45,9.02
2010.11,243522.4,27.37,1.26,0.0076007,0.25,-8048.1,23.6,1.77504,5.17,8.75,8.65,1.45,9.02
2010.1,242311.2,27.37,1.26,0.0076007,0.25,-8048.1,23.6,1.77542,5.17,8.75,8.65,1.45,9.02
2010.09,241367.2,27.37,1.26,0.0076007,0.25,-8048.1,23.6,1.78818,5.17,8.75,8.65,1.45,9.02
2010.08,240752.2,27.15,0.25,0.00594348,0.25,-5586.1,7.9,1.81818,4.83,8.75,8.65,1.24,8.97
2010.07,240721,27.15,0.25,0.00594348,0.25,-5586.1,7.9,1.82316666666667,4.83,8.75,8.65,1.24,8.97
2010.06,240549.4,27.15,0.25,0.00594348,0.25,-5586.1,7.9,1.85898,4.83,8.75,8.65,1.24,8.97
2010.05,240522,27.15,0.25,0.00594348,0.25,-5586.1,7.9,1.85882,4.83,8.75,8.65,1.24,8.97
2010.04,240925.2,26.81,-4.68,0.00660567,0.25,-7794,46.3,1.84764,4.59,8.75,8.648,1.17,8.68
2010.03,240928,26.81,-4.68,0.00660567,0.25,-7794,46.3,1.78824,4.59,8.75,8.65,1.17,8.68
2010.02,241003.2,26.81,-4.68,0.00660567,0.25,-7794,46.3,1.75126,4.59,8.75,8.65,1.17,8.68
2010.01,239446.4,26.81,-4.68,0.00660567,0.25,-7794,46.3,1.73214,4.59,8.75,8.65,1.17,8.68
2009.53,238371.25,27.98,-0.59,0.00726867,0.25,-5939.8,48.7,1.741075,4.31,8.75,8.6475,1.5,8.63
2009.52,238116.75,27.98,-0.59,0.00726867,0.25,-5939.8,48.7,1.77255,4.31,8.75,8.65,1.5,8.63
2009.51,238443.6,27.98,-0.59,0.00726867,0.25,-5939.8,48.7,1.7652,4.31,8.75,8.65,1.5,8.63
2009.5,238187.2,27.98,-0.59,0.00726867,0.25,-5939.8,48.7,1.75086,4.31,8.75,8.65,1.5,8.63
2009.49,237789.8,27.98,-0.59,0.00726867,0.25,-5939.8,48.7,1.72452,4.31,8.75,8.65,1.5,8.63
2009.48,235732,28,-3.51,0.00660604,0.25,-3447.3,44.8,1.73302,4.22,8.75,8.65,1.06,8.68
2009.47,234626.6,28,-3.51,0.00660604,0.25,-3447.3,44.8,1.72052,4.22,8.75,8.65,1.06,8.68
2009.46,233379,28,-3.51,0.00660604,0.25,-3447.3,44.8,1.71544,4.22,8.75,8.65,1.06,8.68
2009.45,231758,28,-3.51,0.00660604,0.25,-3447.3,44.8,1.73195,4.22,8.75,8.65,1.06,8.68
2009.44,230899.8,28,-3.51,0.00660604,0.25,-3447.3,44.8,1.73644,4.22,8.75,8.65,1.06,8.68
2009.43,231058.4,28.35,-3.77,0.00693749,0.25,-3021.8,11.5,1.72874,4.17,8.75,8.65,0.66,8.93
2009.42,230075.5,28.35,-3.77,0.00693749,0.25,-3021.8,11.5,1.714225,4.17,8.75,8.65,0.66,8.93
2009.41,225511.2,28.35,-3.77,0.00693749,0.25,-3021.8,11.5,1.75204,4.17,8.75,8.65,0.66,8.93
2009.4,221468.6,28.35,-3.77,0.00693749,0.25,-3021.8,11.5,1.78514,4.17,8.75,8.65,0.66,8.93
2009.39,220538,28.38,2.83,0.00693749,0.25,-2442.1,7.3,1.80166,4.34,8.75,8.65,0.56,9.12
2009.38,219221.2,28.38,2.83,0.00693749,0.25,-2442.1,7.3,1.80822,4.34,8.75,8.65,0.56,9.12
2009.37,217733.25,28.38,2.83,0.00693749,0.25,-2442.1,7.3,1.82435,4.34,8.75,8.65,0.56,9.12
2009.36,216093.2,28.38,2.83,0.00693749,0.25,-2442.1,7.3,1.87868,4.34,8.75,8.65,0.56,9.12
2009.35,212268.2,27.36,-1.37,0.00693749,0.25,-828.5,6.7,1.85674,4.36,8.75,8.65,0.47,9.17
2009.34,210245,27.36,-1.37,0.00693749,0.25,-828.5,6.7,1.8484,4.36,8.75,8.65,0.47,9.17
2009.33,208934,27.36,-1.37,0.00693749,0.25,-828.5,6.7,1.8393,4.36,8.75,8.65,0.47,9.17
2009.32,208154.8,27.36,-1.37,0.00693749,0.25,-828.5,6.7,1.82804,4.36,8.75,8.65,0.47,9.17
2009.31,206370.8,27.36,-1.37,0.00693749,0.25,-828.5,6.7,1.8835,4.36,8.75,8.654,0.47,9.17
2009.3,205011,27.27,-0.59,0.00790143,0.25,-2554.8,15.4,1.90044,4.5,8.96428571428571,8.958,0.23,9.21
2009.29,204101,27.27,-0.59,0.00790143,0.25,-2554.8,15.4,1.95298,4.5,9.25,9.16,0.23,9.21
2009.28,203740,27.27,-0.59,0.00790143,0.25,-2554.8,15.4,1.98804,4.5,9.25,9.16,0.23,9.21
2009.27,202479,27.27,-0.59,0.00790143,0.25,-2554.8,15.4,1.94576,4.5,9.25,9.16,0.23,9.21
2009.26,199457.6,26.53,0.41,0.00762182,0.25,-605.6,39.3,1.9755,4.8,9.25,9.16,0.31,9.36
2009.25,198075.8,26.53,0.41,0.00762182,0.25,-605.6,39.3,1.96008,4.8,9.25,9.16,0.31,9.36
2009.24,196667.75,26.53,0.41,0.00762182,0.25,-605.6,39.3,1.9466,4.8,9.82142857142857,9.9075,0.31,9.36
2009.23,196797.6,26.53,0.41,0.00762182,0.25,-605.6,39.3,1.94882,4.8,10.25,10.16,0.31,9.36
2009.22,194906.6,26.1,0.11,0.00770893,0.25,-1886.2,35.6,2.00928,5.2,10.25,10.16,0.42,9.56
2009.21,193555,26.1,0.11,0.00770893,0.25,-1886.2,35.6,2.04028,5.2,10.25,10.16,0.42,9.56
2009.2,192178.8,26.1,0.11,0.00770893,0.25,-1886.2,35.6,2.07822,5.2,10.25,10.158,0.42,9.56
2009.19,190581.4,26.1,0.11,0.00770893,0.25,-1886.2,35.6,2.11584,5.2,10.25,10.16,0.42,9.56
2009.18,190854,26.1,0.11,0.00770893,0.25,-1886.2,35.6,2.195575,5.2,10.6785714285714,10.9075,0.42,9.56
2009.17,190671.75,24.93,-4.18,0.00839567,0.25,124.8,1.5,2.21295,5.53,11.25,11.16,0.34,9.76
2009.16,189913.4,24.93,-4.18,0.00839567,0.25,124.8,1.5,2.18444,5.53,11.25,11.16,0.34,9.76
2009.15,189295.75,24.93,-4.18,0.00839567,0.25,124.8,1.5,2.207025,5.53,11.25,11.16,0.34,9.76
2009.14,190721,24.93,-4.18,0.00839567,0.25,124.8,1.5,2.2755,5.53,11.25,11.16,0.34,9.76
2009.13,190286.8,24.17,-2.22,0.00970884,0.25,-1562.5,11.8,2.25254,5.61,11.25,11.16,0.64,9.56
2009.12,189346.8,24.17,-2.22,0.00970884,0.25,-1562.5,11.8,2.2658,5.61,11.25,11.16,0.64,9.56
2009.11,188313.4,24.17,-2.22,0.00970884,0.25,-1562.5,11.8,2.33664,5.61,11.8928571428571,12.06,0.64,9.56
2009.1,188263.4,24.17,-2.22,0.00970884,0.25,-1562.5,11.8,2.39692,5.61,12.75,12.66,0.64,9.56
2009.09,187101,24.17,-2.22,0.00970884,0.25,-1562.5,11.8,2.37003333333333,5.61,12.75,12.66,0.64,9.56
2009.08,187825.6,23.99,-0.37,0.00855086,0.25,-647.1,4.4,2.32822,5.9,12.75,12.66,0.36,9.25
2009.07,188281.6,23.99,-0.37,0.00855086,0.25,-647.1,4.4,2.26866,5.9,12.75,12.66,0.36,9.25
2009.06,188411.2,23.99,-0.37,0.00855086,0.25,-647.1,4.4,2.30672,5.9,12.75,12.66,0.36,9.25
2009.05,188983,23.99,-0.37,0.00855086,0.25,-647.1,4.4,2.30326,5.9,12.75,12.658,0.36,9.25
2009.04,190545,24.02,-1.92,0.01047807,0.25,-3450.3,10.2,2.3453,5.84,13.1785714285714,13.254,0.41,8.45
2009.03,192921.2,24.02,-1.92,0.01047807,0.25,-3450.3,10.2,2.32888,5.84,13.75,13.66,0.41,8.45
2009.02,192436.2,24.02,-1.92,0.01047807,0.25,-3450.3,10.2,2.24786,5.84,13.75,13.66,0.41,8.45
2009.01,193493,24.02,-1.92,0.01047807,0.25,-3450.3,10.2,2.3298,5.84,13.75,13.67,0.41,8.45
2008.52,194298,23.42,7.85,0.01124093,0.25,-3153.1,3.4,2.373325,5.9,13.75,13.66,0.71,8.07
2008.51,194591.2,23.42,7.85,0.01124093,0.25,-3153.1,3.4,2.3696,5.9,13.75,13.66,0.71,8.07
2008.5,193245.8,23.42,7.85,0.01124093,0.25,-3153.1,3.4,2.43036,5.9,13.75,13.66,0.71,8.07
2008.49,195396.6,23.42,7.85,0.01124093,0.25,-3153.1,3.4,2.42288,5.9,13.75,13.658,0.71,8.07
2008.48,194624.6,22.82,1.21,0.01019969,1,-1109.7,17,2.3153,6.39,13.75,13.642,0.94,7.76
2008.47,195089,22.82,1.21,0.01019969,1,-1109.7,17,2.35882,6.39,13.75,13.632,0.94,7.76
2008.46,196193.6,22.82,1.21,0.01019969,1,-1109.7,17,2.24182,6.39,13.75,13.638,0.94,7.76
2008.45,197211.2,22.82,1.21,0.01019969,1,-1109.7,17,2.14922,6.39,13.75,13.648,0.94,7.76
2008.44,198047.8,22.82,1.21,0.01019969,1,-1109.7,17,2.15696,6.39,13.75,13.662,0.94,7.76
2008.43,201499.6,24.28,-5.16,0.01175877,1,-1232.9,8.4,2.26048,6.41,13.75,13.66,1.28,7.95
2008.42,203742.8,24.28,-5.16,0.01175877,1,-1232.9,8.4,2.13552,6.41,13.75,13.666,1.28,7.95
2008.41,207252.6,24.28,-5.16,0.01175877,1,-1232.9,8.4,2.24548,6.41,13.75,13.67,1.28,7.95
2008.4,207086.4,24.28,-5.16,0.01175877,1,-1232.9,8.4,1.97072,6.41,13.75,13.666,1.28,7.95
2008.39,206367,25.9,-1.95,0.01103091,2,-2796.4,7.3,1.83016,6.25,13.75,13.66,1.42,7.86
2008.38,207955.6,25.9,-1.95,0.01103091,2,-2796.4,7.3,1.85504,6.25,13.75,13.66,1.42,7.86
2008.37,205884.4,25.9,-1.95,0.01103091,2,-2796.4,7.3,1.77702,6.25,13.4285714285714,13.214,1.42,7.86
2008.36,205839,25.9,-1.95,0.01103091,2,-2796.4,7.3,1.68184,6.25,13,12.918,1.42,7.86
2008.35,205240.2,27.82,-2.69,0.01017657,2,-1211,9.2,1.62938,6.17,13,12.92,1.16,8.03
2008.34,204992.2,27.82,-2.69,0.01017657,2,-1211,9.2,1.62518,6.17,13,12.92,1.16,8.03
2008.33,204209.8,27.82,-2.69,0.01017657,2,-1211,9.2,1.62226,6.17,13,12.916,1.16,8.03
2008.32,204070.6,27.82,-2.69,0.01017657,2,-1211,9.2,1.58304,6.17,13,12.92,1.16,8.03
2008.31,203148.6,27.82,-2.69,0.01017657,2,-1211,9.2,1.56768,6.17,13,12.92,1.16,8.03
2008.3,202040.6,28.54,-2.8,0.01069671,2,-3089.5,43.6,1.57978,6.37,12.6785714285714,12.466,1.53,8.05
2008.29,203272,28.54,-2.8,0.01069671,2,-3089.5,43.6,1.59326,6.37,12.25,12.17,1.53,8.05
2008.28,202662.8,28.54,-2.8,0.01069671,2,-3089.5,43.6,1.60678,6.37,12.25,12.17,1.53,8.05
2008.27,201214.6,28.54,-2.8,0.01069671,2,-3089.5,43.6,1.60324,6.37,12.25,12.17,1.53,8.05
2008.26,199504.4,28.74,-2.66,0.00955592,2,-2856.2,45.4,1.60384,6.06,12.25,12.17,1.29,8.11
2008.25,198144.6,28.74,-2.66,0.00955592,2,-2856.2,45.4,1.6122,6.06,12.25,12.17,1.29,8.11
2008.24,198223.2,28.74,-2.66,0.00955592,2,-2856.2,45.4,1.63706,6.06,12.25,12.162,1.29,8.11
2008.23,198993.6,28.74,-2.66,0.00955592,2,-2856.2,45.4,1.62772,6.06,12.0357142857143,11.84,1.29,8.11
2008.22,198126.6,28.74,-2.66,0.00955592,2,-2856.2,45.4,1.65422,6.06,11.75,11.64,1.29,8.11
2008.21,198651.25,28.89,-1.93,0.00876783,2,-984.2,23.8,1.651725,5.58,11.75,11.64,1,8.22
2008.2,197367.4,28.89,-1.93,0.00876783,2,-984.2,23.8,1.66004,5.58,11.75,11.626,1,8.22
2008.19,196592.4,28.89,-1.93,0.00876783,2,-984.2,23.8,1.67638,5.58,11.75,11.608,1,8.22
2008.18,195545.5,28.89,-1.93,0.00876783,2,-984.2,23.8,1.68,5.58,11.75,11.61,1,8.22
2008.17,195168,28.61,-6.78,0.00901426,2,-3108.6,-24.6,1.6633,5.04,11.75,11.625,1.2,8.41
2008.16,195766.6,28.61,-6.78,0.00901426,2,-3108.6,-24.6,1.67338,5.04,11.5357142857143,11.374,1.2,8.41
2008.15,195132.6,28.61,-6.78,0.00901426,2,-3108.6,-24.6,1.69208,5.04,11.25,11.18,1.2,8.41
2008.14,194484.4,28.61,-6.78,0.00901426,2,-3108.6,-24.6,1.73334,5.04,11.25,11.17,1.2,8.41
2008.13,194529.4,28.65,-4.56,0.00844598,2.25,-4401.7,-0.9,1.73674,4.73,11.25,11.18,0.88,8.63
2008.12,195477.75,28.65,-4.56,0.00844598,2.25,-4401.7,-0.9,1.7181,4.73,11.25,11.1775,0.88,8.63
2008.11,194253.4,28.65,-4.56,0.00844598,2.25,-4401.7,-0.9,1.69314,4.73,11.25,11.18,0.88,8.63
2008.1,193287.8,28.65,-4.56,0.00844598,2.25,-4401.7,-0.9,1.67614,4.73,11.25,11.178,0.88,8.63
2008.09,190703.2,28.65,-4.56,0.00844598,2.25,-4401.7,-0.9,1.6843,4.73,11.25,11.18,0.88,8.63
2008.08,188595.2,29.41,-1.76,0.00802232,3,-1983.1,11.9,1.72436,4.61,11.25,11.18,1.09,8.42
2008.07,188389.4,29.41,-1.76,0.00802232,3,-1983.1,11.9,1.75096,4.61,11.25,11.178,1.09,8.42
2008.06,187979.333333333,29.41,-1.76,0.00802232,3,-1983.1,11.9,1.7613,4.61,11.25,11.18,1.09,8.42
2008.05,186941.2,29.41,-1.76,0.00802232,3,-1983.1,11.9,1.77048,4.61,11.25,11.18,1.09,8.42
2008.04,186256.2,29.21,-7.04,0.00929384,3,-4714.2,7.6,1.80568,4.56,11.25,11.176,0.96,8.02
2008.03,184668,29.21,-7.04,0.00929384,3,-4714.2,7.6,1.76062,4.56,11.25,11.18,0.96,8.02
2008.02,182980.6,29.21,-7.04,0.00929384,3,-4714.2,7.6,1.76168,4.56,11.25,11.176,0.96,8.02
2008.01,188015.166666667,29.21,-7.04,0.00929384,3,-4714.2,7.6,2.05935,4.56,12.0833333333333,12.4216666666667,0.96,8.02
2007.52,179195.25,30.02,3.58,0.0084467,4.25,-568.2,18.7,1.7772,4.46,11.25,11.18,0.78,7.85
2007.51,178718,30.02,3.58,0.0084467,4.25,-568.2,18.7,1.80462,4.46,11.25,11.18,0.78,7.85
2007.5,178287.8,30.02,3.58,0.0084467,4.25,-568.2,18.7,1.77198,4.46,11.25,11.18,0.78,7.85
2007.49,178387.2,30.02,3.58,0.0084467,4.25,-568.2,18.7,1.79132,4.46,11.25,11.18,0.78,7.85
2007.48,176870,30.02,3.58,0.0084467,4.25,-568.2,18.7,1.80742,4.46,11.25,11.18,0.78,7.85
2007.47,175671,29.72,-1.98,0.0084467,4.5,-1561.5,35.5,1.7763,4.19,11.25,11.18,0.83,8.05
2007.46,173452.25,29.72,-1.98,0.0084467,4.5,-1561.5,35.5,1.75535,4.19,11.25,11.18,0.83,8.05
2007.45,171592.2,29.72,-1.98,0.0084467,4.5,-1561.5,35.5,1.7425,4.19,11.25,11.18,0.83,8.05
2007.44,167761,29.72,-1.98,0.0084467,4.5,-1561.5,35.5,1.751175,4.19,11.25,11.1775,0.83,8.05
2007.43,166068,30.22,-4.14,0.00929493,4.5,-216.5,18.3,1.7966,4.12,11.25,11.18,1.04,8.52
2007.42,163531.2,30.22,-4.14,0.00929493,4.5,-216.5,18.3,1.80986,4.12,11.25,11.18,1.04,8.52
2007.41,162189.75,30.22,-4.14,0.00929493,4.5,-216.5,18.3,1.805225,4.12,11.25,11.18,1.04,8.52
2007.4,162492.6,30.22,-4.14,0.00929493,4.5,-216.5,18.3,1.8222,4.12,11.25,11.18,1.04,8.52
2007.39,162462.8,30.15,-0.36,0.00804961,4.75,481.5,10,1.85282,4.15,11.25,11.18,0.84,8.9
2007.38,161915.8,30.15,-0.36,0.00804961,4.75,481.5,10,1.87954,4.15,11.25,11.18,0.84,8.9
2007.37,162292.6,30.15,-0.36,0.00804961,4.75,481.5,10,1.92084,4.15,11.25,11.18,0.84,8.9
2007.36,161314.25,30.15,-0.36,0.00804961,4.75,481.5,10,1.9565,4.15,11.3571428571429,11.3675,0.84,8.9
2007.35,161040.4,30.15,-0.36,0.00804961,4.75,481.5,10,1.97198,4.15,11.5,11.43,0.84,8.9
2007.34,160610.6,29.67,-1.47,0.00992635,5.25,1233.2,10.3,2.01264,4.18,11.5,11.43,0.97,9.09
2007.33,159694.8,29.67,-1.47,0.00992635,5.25,1233.2,10.3,2.01526,4.18,11.5,11.428,0.97,9.09
2007.32,158238,29.67,-1.47,0.00992635,5.25,1233.2,10.3,1.9158,4.18,11.5,11.43,0.97,9.09
2007.31,156408.8,29.67,-1.47,0.00992635,5.25,1233.2,10.3,1.87968,4.18,11.5,11.43,0.97,9.09
2007.3,154563.2,30.19,-2.12,0.00972633,5.25,-968.2,14.1,1.87478,3.74,11.5,11.43,1.04,9.25
2007.29,152413.4,30.19,-2.12,0.00972633,5.25,-968.2,14.1,1.86038,3.74,11.7142857142857,11.73,1.04,9.25
2007.28,149637,30.19,-2.12,0.00972633,5.25,-968.2,14.1,1.8858,3.74,12,11.93,1.04,9.25
2007.27,147779.2,30.19,-2.12,0.00972633,5.25,-968.2,14.1,1.91174,3.74,12,11.93,1.04,9.25
2007.26,145865.8,30.19,-2.12,0.00972633,5.25,-968.2,14.1,1.93768,3.74,12,11.93,1.04,9.25
2007.25,143539.2,30.09,-2.39,0.00905629,5.25,399.9,105.7,1.91668,3.69,12,11.93,1.18,9.38
2007.24,141092.8,30.09,-2.39,0.00905629,5.25,399.9,105.7,1.9347,3.69,12,11.93,1.18,9.38
2007.23,139139.75,30.09,-2.39,0.00905629,5.25,399.9,105.7,1.946625,3.69,12.2857142857143,12.305,1.18,9.38
2007.22,135904.2,30.09,-2.39,0.00905629,5.25,399.9,105.7,1.9343,3.69,12.5,12.43,1.18,9.38
2007.21,133653.4,30.34,-2.36,0.01028077,5.25,-217.1,13.3,1.95012,3.18,12.5,12.43,1.14,9.54
2007.2,130237.6,30.34,-2.36,0.01028077,5.25,-217.1,13.3,1.97698,3.18,12.5,12.43,1.14,9.54
2007.19,125740.6,30.34,-2.36,0.01028077,5.25,-217.1,13.3,2.0225,3.18,12.5,12.43,1.14,9.54
2007.18,122570.5,30.34,-2.36,0.01028077,5.25,-217.1,13.3,2.028875,3.18,12.5,12.43,1.14,9.54
2007.17,119542,29.96,-6.93,0.00944823,5.25,1744.2,1.6,2.02968,3,12.5,12.43,1.21,9.64
2007.16,116269.8,29.96,-6.93,0.00944823,5.25,1744.2,1.6,2.03254,3,12.6071428571429,12.576,1.21,9.64
2007.15,112278.8,29.96,-6.93,0.00944823,5.25,1744.2,1.6,2.02906,3,12.75,12.68,1.21,9.64
2007.14,110169.25,29.96,-6.93,0.00944823,5.25,1744.2,1.6,2.0376,3,12.75,12.6825,1.21,9.64
2007.13,109173.2,29.96,-6.93,0.00944823,5.25,1744.2,1.6,2.06006,3,12.75,12.68,1.21,9.64
2007.12,107177,30.41,-1.8,0.01052223,5.25,185.5,2.7,2.0697,2.96,12.75,12.68,1.11,9.49
2007.11,105897,30.41,-1.8,0.01052223,5.25,185.5,2.7,2.09464,2.96,12.75,12.682,1.11,9.49
2007.1,104040.6,30.41,-1.8,0.01052223,5.25,185.5,2.7,2.1151,2.96,12.8571428571429,12.834,1.11,9.49
2007.09,101032,30.41,-1.8,0.01052223,5.25,185.5,2.7,2.11356,2.96,13,12.93,1.11,9.49
2007.08,98284.6666666667,30.23,-1.31,0.00872484,5.25,326.1,6,2.0812,3.02,13,12.94,0.99,9.15
2007.07,95830.8,30.23,-1.31,0.00872484,5.25,326.1,6,2.10074,3.02,13,12.932,0.99,9.15
2007.06,93075,30.23,-1.31,0.00872484,5.25,326.1,6,2.09266,3.02,13,12.93,0.99,9.15
2007.05,91076,30.23,-1.31,0.00872484,5.25,326.1,6,2.12022,3.02,13,12.93,0.99,9.15
2007.04,89636.4,30.19,-5.59,0.01082803,5.25,-430.9,13.1,2.13244,2.99,13.1071428571429,13.084,1.06,8.52
2007.03,88215.6,30.19,-5.59,0.01082803,5.25,-430.9,13.1,2.13674,2.99,13.25,13.19,1.06,8.52
2007.02,87282.2,30.19,-5.59,0.01082803,5.25,-430.9,13.1,2.14906,2.99,13.25,13.188,1.06,8.52
2007.01,105376.2,30.19,-5.59,0.01082803,5.25,-430.9,13.1,2.0666,2.99,13,12.786,1.06,8.52
2006.52,85524.25,30.54,2.6,0.00987886,5.25,383.8,11.7,2.14235,3.14,13.84375,13.1875,0.96,8.38
2006.51,85012.4,30.54,2.6,0.00987886,5.25,383.8,11.7,2.15426,3.14,13.25,13.19,0.96,8.38
2006.5,84263.6,30.54,2.6,0.00987886,5.25,383.8,11.7,2.14508,3.14,13.25,13.186,0.96,8.38
2006.49,83447,30.54,2.6,0.00987886,5.25,383.8,11.7,2.15302,3.14,13.25,13.182,0.96,8.38
2006.48,82982.2,30.54,2.6,0.00987886,5.25,383.8,11.7,2.17586,3.14,13.4642857142857,13.476,0.96,8.38
2006.47,82144.4,30.25,0.03,0.01020605,5.25,1344.6,15.7,2.16532,3.02,13.75,13.67,1.06,8.51
2006.46,81152.75,30.25,0.03,0.01020605,5.25,1344.6,15.7,2.156675,3.02,13.75,13.6675,1.06,8.51
2006.45,79520,30.25,0.03,0.01020605,5.25,1344.6,15.7,2.14192,3.02,13.75,13.682,1.06,8.51
2006.44,78431.75,30.25,0.03,0.01020605,5.25,1344.6,15.7,2.1429,3.02,13.75,13.6775,1.06,8.51
2006.43,76819.4,30.3,-3.62,0.01094244,5.25,1494.5,49.1,2.14218,3.26,13.75,13.672,1.07,8.98
2006.42,75709,30.3,-3.62,0.01094244,5.25,1494.5,49.1,2.1375,3.26,13.9642857142857,13.96,1.07,8.98
2006.41,74446.5,30.3,-3.62,0.01094244,5.25,1494.5,49.1,2.15125,3.26,14.25,14.16,1.07,8.98
2006.4,73960.2,30.3,-3.62,0.01094244,5.25,1494.5,49.1,2.16438,3.26,14.25,14.162,1.07,8.98
2006.39,73484,30.3,-3.62,0.01094244,5.25,1494.5,49.1,2.19126,3.26,14.25,14.17,1.07,8.98
2006.38,73322,30.5,-0.03,0.0105731,5.25,2196.4,8.2,2.17614,3.7,14.25,14.17,0.84,9.26
2006.37,72397.2,30.5,-0.03,0.0105731,5.25,2196.4,8.2,2.16632,3.7,14.25,14.17,0.84,9.26
2006.36,71646.25,30.5,-0.03,0.0105731,5.25,2196.4,8.2,2.139875,3.7,14.25,14.1725,0.84,9.26
2006.35,71322.2,30.5,-0.03,0.0105731,5.25,2196.4,8.2,2.14156,3.7,14.4642857142857,14.48,0.84,9.26
2006.34,70947.6,30.43,-3.44,0.01256265,5.25,2130.6,9.3,2.14328,3.84,14.75,14.688,0.98,9.68
2006.33,69949,30.43,-3.44,0.01256265,5.25,2130.6,9.3,2.1447,3.84,14.75,14.702,0.98,9.68
2006.32,68903.8,30.43,-3.44,0.01256265,5.25,2130.6,9.3,2.17126,3.84,14.75,14.662,0.98,9.68
2006.31,67528.6,30.43,-3.44,0.01256265,5.25,2130.6,9.3,2.18086,3.84,14.75,14.662,0.98,9.68
2006.3,66052.4,30.44,-1.74,0.01169966,5.25,3006.8,19.1,2.19184,3.97,14.75,14.658,1.01,9.93
2006.29,64755.4,30.44,-1.74,0.01169966,5.25,3006.8,19.1,2.19456,3.97,14.9642857142857,14.966,1.01,9.93
2006.28,63368.2,30.44,-1.74,0.01169966,5.25,3006.8,19.1,2.1952,3.97,15.25,15.18,1.01,9.93
2006.27,62683.8,30.44,-1.74,0.01169966,5.25,3006.8,19.1,2.17814,3.97,15.25,15.178,1.01,9.93
2006.26,62499,30.44,-1.74,0.01169966,5.25,3006.8,19.1,2.21084,3.97,15.25,15.18,1.01,9.93
2006.25,62502.6,30.49,-3.45,0.01184394,5.25,561.5,29.6,2.24282,4.03,15.25,15.178,0.81,9.91
2006.24,63138,30.49,-3.45,0.01184394,5.25,561.5,29.6,2.277275,4.03,15.25,15.1825,0.81,9.91
2006.23,63427.2,30.49,-3.45,0.01184394,5.25,561.5,29.6,2.26118,4.03,15.25,15.17,0.81,9.91
2006.22,63495,30.49,-3.45,0.01184394,5.25,561.5,29.6,2.28228,4.03,15.4642857142857,15.464,0.81,9.91
2006.21,63552.6,30.42,-1.59,0.01281366,5,341,12.5,2.2973,4.23,15.75,15.664,0.91,9.91
2006.2,63567.4,30.42,-1.59,0.01281366,5,341,12.5,2.17532,4.23,15.75,15.706,0.91,9.91
2006.19,61085.4,30.42,-1.59,0.01281366,5,341,12.5,2.08134,4.23,15.75,15.74,0.91,9.91
2006.18,57309.75,30.42,-1.59,0.01281366,5,341,12.5,2.06695,4.23,15.75,15.7225,0.91,9.91
2006.17,56039.8,30.54,-8.82,0.01077878,4.75,83.3,6.9,2.11334,4.63,15.75,15.686,0.35,10.03
2006.16,55227.5,30.54,-8.82,0.01077878,4.75,83.3,6.9,2.12535,4.63,15.9642857142857,16.2575,0.35,10.03
2006.15,58655.5,30.54,-8.82,0.01077878,4.75,83.3,6.9,2.1426,4.63,16.5,16.45,0.35,10.03
2006.14,59944.6,30.54,-8.82,0.01077878,4.75,83.3,6.9,2.13774,4.63,16.5,16.45,0.35,10.03
2006.13,59892,30.54,-8.82,0.01077878,4.75,83.3,6.9,2.19892,4.63,16.5,16.54,0.35,10.03
2006.12,59308.8,30.83,-2.95,0.01422302,4.75,1263.4,4.8,2.15328,5.32,16.5,16.54,0.67,10.13
2006.11,58270.4,30.83,-2.95,0.01422302,4.75,1263.4,4.8,2.12176,5.32,16.5,16.54,0.67,10.13
2006.1,57665.8,30.83,-2.95,0.01422302,4.75,1263.4,4.8,2.15566,5.32,16.8214285714286,16.99,0.67,10.13
2006.09,57609,30.83,-2.95,0.01422302,4.75,1263.4,4.8,2.11566666666667,5.32,17.25,17.29,0.67,10.13
2006.08,57537.2,30.79,-1.83,0.01145063,4.5,584.8,4.8,2.13342,5.51,17.25,17.29,0.81,9.91
2006.07,57076.6,30.79,-1.83,0.01145063,4.5,584.8,4.8,2.13588,5.51,17.25,17.29,0.81,9.91
2006.06,57038.4,30.79,-1.83,0.01145063,4.5,584.8,4.8,2.18104,5.51,17.25,17.284,0.81,9.91
2006.05,56830.4,30.79,-1.83,0.01145063,4.5,584.8,4.8,2.2181,5.51,17.25,17.238,0.81,9.91
2006.04,57036,30.76,-1.78,0.01429317,4.25,-360.8,8.1,2.24032,5.7,17.25,17.212,1.01,9.39
2006.03,56438.2,30.76,-1.78,0.01429317,4.25,-360.8,8.1,2.29886,5.7,17.5714285714286,17.65,1.01,9.39
2006.02,55352.2,30.76,-1.78,0.01429317,4.25,-360.8,8.1,2.2685,5.7,18,17.95,1.01,9.39
2006.01,54362.8,30.76,-1.78,0.01429317,4.25,-360.8,8.1,2.31182,5.7,18,17.968,1.01,9.39
2005.52,53617.6,30.6,2.21,0.01473572,4.25,501.8,-72.5,2.34296,5.69,18,18.044,0.93,9.38
2005.51,64750.4,30.6,2.21,0.01473572,4.25,501.8,-72.5,2.33962,5.69,18,18.04,0.93,9.38
2005.5,67392.4,30.6,2.21,0.01473572,4.25,501.8,-72.5,2.28582,5.69,18.2142857142857,18.294,0.93,9.38
2005.49,66156,30.6,2.21,0.01473572,4.25,501.8,-72.5,2.20296,5.69,18.5,18.482,0.93,9.38
2005.48,64368.4,30.6,2.21,0.01473572,4.25,501.8,-72.5,2.20764,5.69,18.5,18.508,0.93,9.38
2005.47,63624,30.27,-0.18,0.01381041,4,1659.5,9.5,2.23542,6.22,18.7142857142857,18.77,0.84,9.63
2005.46,62539.75,30.27,-0.18,0.01381041,4,1659.5,9.5,2.200425,6.22,19,19.015,0.84,9.63
2005.45,61257,30.27,-0.18,0.01381041,4,1659.5,9.5,2.18304,6.22,19,19.004,0.84,9.63
2005.44,60361.5,30.27,-0.18,0.01381041,4,1659.5,9.5,2.24065,6.22,19,18.9525,0.84,9.63
2005.43,59758.6,30.18,-3.34,0.01407164,3.75,815,6.5,2.27258,6.36,19,18.95,0.88,10.16
2005.42,58326.4,30.18,-3.34,0.01407164,3.75,815,6.5,2.24562,6.36,19.2142857142857,19.25,0.88,10.16
2005.41,57553.5,30.18,-3.34,0.01407164,3.75,815,6.5,2.246825,6.36,19.5,19.45,0.88,10.16
2005.4,57089.6,30.18,-3.34,0.01407164,3.75,815,6.5,2.25928,6.36,19.5,19.458,0.88,10.16
2005.39,57074.6,30.18,-3.34,0.01407164,3.75,815,6.5,2.2403,6.36,19.5,19.514,0.88,10.16
2005.38,55848.6,30.18,-1.61,0.01503136,3.75,2313.6,33.6,2.28228,6.04,19.5,19.506,0.8,10.23
2005.37,55878,30.18,-1.61,0.01503136,3.75,2313.6,33.6,2.3143,6.04,19.6071428571429,19.642,0.8,10.23
2005.36,55324.75,30.18,-1.61,0.01503136,3.75,2313.6,33.6,2.32325,6.04,19.75,19.7375,0.8,10.23
2005.35,55078.2,30.18,-1.61,0.01503136,3.75,2313.6,33.6,2.3709,6.04,19.75,19.732,0.8,10.23
2005.34,54872.6,30.16,-2.41,0.01658483,3.5,737.7,35.1,2.41384,6.02,19.75,19.74,0.87,10.02
2005.33,54778.6,30.16,-2.41,0.01658483,3.5,737.7,35.1,2.36618,6.02,19.75,19.752,0.87,10.02
2005.32,54782.2,30.16,-2.41,0.01658483,3.5,737.7,35.1,2.3189,6.02,19.75,19.76,0.87,10.02
2005.31,54801.2,30.16,-2.41,0.01658483,3.5,737.7,35.1,2.33012,6.02,19.75,19.752,0.87,10.02
2005.3,54654.2,30.07,-3.05,0.01511345,3.25,2505.9,14.2,2.42996,6.57,19.75,19.726,0.61,9.78
2005.29,58611.4,30.07,-3.05,0.01511345,3.25,2505.9,14.2,2.34852,6.57,19.75,19.72,0.61,9.78
2005.28,59619.8,30.07,-3.05,0.01511345,3.25,2505.9,14.2,2.34394,6.57,19.75,19.722,0.61,9.78
2005.27,59391,30.07,-3.05,0.01511345,3.25,2505.9,14.2,2.37714,6.57,19.75,19.72,0.61,9.78
2005.26,59865,30.07,-3.05,0.01511345,3.25,2505.9,14.2,2.36072,6.57,19.75,19.738,0.61,9.78
2005.25,59334.6,29.86,-3.35,0.01585603,3.25,1245.7,12.9,2.38278,7.27,19.75,19.74,0.76,9.88
2005.24,60577,29.86,-3.35,0.01585603,3.25,1245.7,12.9,2.42852,7.27,19.75,19.746,0.76,9.88
2005.23,61170.8,29.86,-3.35,0.01585603,3.25,1245.7,12.9,2.46628,7.27,19.75,19.75,0.76,9.88
2005.22,60945.6,29.86,-3.35,0.01585603,3.25,1245.7,12.9,2.40678,7.27,19.75,19.754,0.76,9.88
2005.21,61161,29.56,-1.24,0.01503065,3,499.7,112.6,2.41655,8.05,19.75,19.75,0.89,10.15
2005.2,61108.4,29.56,-1.24,0.01503065,3,499.7,112.6,2.46276,8.05,19.6428571428571,19.612,0.89,10.15
2005.19,61074.8,29.56,-1.24,0.01503065,3,499.7,112.6,2.4654,8.05,19.5,19.52,0.89,10.15
2005.18,61486.8,29.56,-1.24,0.01503065,3,499.7,112.6,2.48398,8.05,19.5,19.508,0.89,10.15
2005.17,61611.4,29.56,-1.24,0.01503065,3,499.7,112.6,2.52776,8.05,19.5,19.496,0.89,10.15
2005.16,61799,29.64,-8.08,0.01411529,2.75,689.2,3.6,2.575475,8.07,19.3928571428571,19.3025,1,10.46
2005.15,61688.4,29.64,-8.08,0.01411529,2.75,689.2,3.6,2.57996,8.07,19.25,19.24,1,10.46
2005.14,61712.4,29.64,-8.08,0.01411529,2.75,689.2,3.6,2.61762,8.07,19.25,19.24,1,10.46
2005.13,61863.8,29.64,-8.08,0.01411529,2.75,689.2,3.6,2.68872,8.07,19.25,19.248,1,10.46
2005.12,62137.75,30.49,-4.11,0.01528178,2.75,1715.9,15.8,2.72635,7.54,19.25,19.24,0.91,10.45
2005.11,63204,30.49,-4.11,0.01528178,2.75,1715.9,15.8,2.74798,7.54,19.0357142857143,18.946,0.91,10.45
2005.1,62608.4,30.49,-4.11,0.01528178,2.75,1715.9,15.8,2.70022,7.54,18.75,18.75,0.91,10.45
2005.09,60073.2,30.49,-4.11,0.01528178,2.75,1715.9,15.8,2.63284,7.54,18.75,18.74,0.91,10.45
2005.08,58514,30.46,-1.32,0.01218186,2.5,107.1,-5.5,2.59948,7.39,18.75,18.75,0.9,10.09
2005.07,57340,30.46,-1.32,0.01218186,2.5,107.1,-5.5,2.5776,7.39,18.5357142857143,18.456,0.9,10.09
2005.06,55892,30.46,-1.32,0.01218186,2.5,107.1,-5.5,2.61243333333333,7.39,18.25,18.2533333333333,0.9,10.09
2005.05,54594.4,30.46,-1.32,0.01218186,2.5,107.1,-5.5,2.61364,7.39,18.25,18.246,0.9,10.09
2005.04,53404,30.54,-5.2,0.01383882,2.25,756,21.2,2.67108,7.41,18.25,18.24,0.97,9.55
2005.03,53118.4,30.54,-5.2,0.01383882,2.25,756,21.2,2.71104,7.41,18.0357142857143,17.942,0.97,9.55
2005.02,52967,30.54,-5.2,0.01383882,2.25,756,21.2,2.70554,7.41,17.75,17.74,0.97,9.55
2005.01,52543.8,30.54,-5.2,0.01383882,2.25,756,21.2,2.69808,7.41,17.75,17.74,0.97,9.55
2004.53,52535.4,30.72,1.74,0.01482823,2.25,1153.6,37.5,2.67604,7.6,17.75,17.744,1.28,9.41
2004.52,51136.4,30.72,1.74,0.01482823,2.25,1153.6,37.5,2.69576,7.6,17.75,17.74,1.28,9.41
2004.51,50461.6,30.72,1.74,0.01482823,2.25,1153.6,37.5,2.7465,7.6,17.5357142857143,17.442,1.28,9.41
2004.5,50450,30.72,1.74,0.01482823,2.25,1153.6,37.5,2.75566,7.6,17.25,17.24,1.28,9.41
2004.49,50177.2,30.72,1.74,0.01482823,2.25,1153.6,37.5,2.72376,7.6,17.25,17.224,1.28,9.41
2004.48,49913,30.56,-1.4,0.01250986,2,-243.6,7.9,2.74904,7.24,17.25,17.23,1.22,9.37
2004.47,49657.75,30.56,-1.4,0.01250986,2,-243.6,7.9,2.76925,7.24,17.0357142857143,16.99,1.22,9.37
2004.46,49291.2,30.56,-1.4,0.01250986,2,-243.6,7.9,2.81972,7.24,16.75,16.74,1.22,9.37
2004.45,49304.25,30.56,-1.4,0.01250986,2,-243.6,7.9,2.832275,7.24,16.75,16.7325,1.22,9.37
2004.44,49336.6,31.05,-3.23,0.01213224,1.75,1008.2,6.7,2.86702,6.86,16.75,16.74,0.82,9.64
2004.43,49028.4,31.05,-3.23,0.01213224,1.75,1008.2,6.7,2.86248,6.86,16.5357142857143,16.44,0.82,9.64
2004.42,49058.5,31.05,-3.23,0.01213224,1.75,1008.2,6.7,2.84865,6.86,16.25,16.24,0.82,9.64
2004.41,49220.4,31.05,-3.23,0.01213224,1.75,1008.2,6.7,2.83274,6.86,16.25,16.222,0.82,9.64
2004.4,49579.6,31.05,-3.23,0.01213224,1.75,1008.2,6.7,2.86242,6.86,16.25,16.236,0.82,9.64
2004.39,49256,31.04,-2.49,0.01251327,1.75,1723.1,6.3,2.871,6.7,16.25,16.24,0.86,9.71
2004.38,49220.8,31.04,-2.49,0.01251327,1.75,1723.1,6.3,2.89726,6.7,16.1428571428571,16.068,0.86,9.71
2004.37,49255.75,31.04,-2.49,0.01251327,1.75,1723.1,6.3,2.9043,6.7,16,15.93,0.86,9.71
2004.36,49424.8,31.04,-2.49,0.01251327,1.75,1723.1,6.3,2.93548,6.7,16,15.916,0.86,9.71
2004.35,49361.8,31.55,-2.23,0.01293586,1.5,1718.6,-300.9,2.95774,7.18,16,15.85,1.31,9.83
2004.34,49693.4,31.55,-2.23,0.01293586,1.5,1718.6,-300.9,2.99184,7.18,16,15.868,1.31,9.83
2004.33,49764,31.55,-2.23,0.01293586,1.5,1718.6,-300.9,3.0323,7.18,16,15.874,1.31,9.83
2004.32,49691.6,31.55,-2.23,0.01293586,1.5,1718.6,-300.9,3.05442,7.18,16,15.834,1.31,9.83
2004.31,49703.8,31.55,-2.23,0.01293586,1.5,1718.6,-300.9,3.04884,7.18,16,15.772,1.31,9.83
2004.3,50167,32.01,-2.36,0.01286889,1.25,1771.4,-30,3.02168,6.81,16,15.754,1.39,9.98
2004.29,50190.8,32.01,-2.36,0.01286889,1.25,1771.4,-30,3.02622,6.81,16,15.77,1.39,9.98
2004.28,49890.4,32.01,-2.36,0.01286889,1.25,1771.4,-30,3.0401,6.81,16,15.786,1.39,9.98
2004.27,50092.4,32.01,-2.36,0.01286889,1.25,1771.4,-30,3.09508,6.81,16,15.806,1.39,9.98
2004.26,49861.8,32.61,-3.24,0.01229889,1.25,1993.9,9.8,3.12046,6.06,16,15.802,1.52,10.15
2004.25,50204.2,32.61,-3.24,0.01229889,1.25,1993.9,9.8,3.14208,6.06,16,15.8,1.52,10.15
2004.24,50351,32.61,-3.24,0.01229889,1.25,1993.9,9.8,3.12105,6.06,16,15.8175,1.52,10.15
2004.23,50550,32.61,-3.24,0.01229889,1.25,1993.9,9.8,3.13876,6.06,16,15.772,1.52,10.15
2004.22,50364.2,33.19,-2.94,0.01227805,1,1437,21.4,3.14858,5.15,16,15.792,1.12,10.65
2004.21,50081.4,33.19,-2.94,0.01227805,1,1437,21.4,3.14624,5.15,16,15.764,1.12,10.65
2004.2,49834.8,33.19,-2.94,0.01227805,1,1437,21.4,3.11544,5.15,16,15.746,1.12,10.65
2004.19,50491.2,33.19,-2.94,0.01227805,1,1437,21.4,2.98568,5.15,16,15.778,1.12,10.65
2004.18,50447,33.19,-2.94,0.01227805,1,1437,21.4,2.931,5.15,16,15.818,1.12,10.65
2004.17,50539.75,32.75,-4.82,0.0118185,1,-777.4,5.2,2.919125,5.26,16,15.8675,0.88,10.89
2004.16,50831,32.75,-4.82,0.0118185,1,-777.4,5.2,2.89758,5.26,16.1071428571429,15.99,0.88,10.89
2004.15,51144.75,32.75,-4.82,0.0118185,1,-777.4,5.2,2.879225,5.26,16.25,16.1,0.88,10.89
2004.14,51432.6,32.75,-4.82,0.0118185,1,-777.4,5.2,2.91002,5.26,16.25,16.096,0.88,10.89
2004.13,51672.2,32.9,-3.79,0.01379123,1,736.5,8,2.92524,5.89,16.25,16.106,1.07,10.7
2004.12,51726,32.9,-3.79,0.01379123,1,736.5,8,2.90438,5.89,16.3571428571429,16.158,1.07,10.7
2004.11,52027.4,32.9,-3.79,0.01379123,1,736.5,8,2.89192,5.89,16.5,16.278,1.07,10.7
2004.1,52608.8,32.9,-3.79,0.01379123,1,736.5,8,2.89022,5.89,16.5,16.286,1.07,10.7
2004.09,52928.6666666667,33.39,-3.39,0.01084394,1,175.6,4.9,2.93033333333333,6.69,16.5,16.31,0.66,10.12
2004.08,53344,33.39,-3.39,0.01084394,1,175.6,4.9,2.93748,6.69,16.5,16.328,0.66,10.12
2004.07,53392.2,33.39,-3.39,0.01084394,1,175.6,4.9,2.91838,6.69,16.5,16.282,0.66,10.12
2004.06,53255.2,33.39,-3.39,0.01084394,1,175.6,4.9,2.93506,6.69,16.5,16.282,0.66,10.12
2004.05,52994.6,33.39,-3.39,0.01084394,1,175.6,4.9,2.88896,6.69,16.5,16.312,0.66,10.12
2004.04,51647.6,33.62,-4.97,0.01267551,1,649.9,10.1,2.8414,7.71,16.5,16.308,1.01,9.4
2004.03,49811.6,33.62,-4.97,0.01267551,1,649.9,10.1,2.81274,7.71,16.5,16.312,1.01,9.4
2004.02,49477.6,33.62,-4.97,0.01267551,1,649.9,10.1,2.85736,7.71,16.5,16.332,1.01,9.4
2004.01,49145,33.62,-4.97,0.01267551,1,649.9,10.1,2.8862,7.71,16.5,16.34,1.01,9.4
2003.52,49113.75,33.69,4.88,0.0137325,1,307.7,13.4,2.91225,9.3,16.5,16.34,1.39,9.38
2003.51,53985,33.69,4.88,0.0137325,1,307.7,13.4,2.93226,9.3,16.9285714285714,16.898,1.39,9.38
2003.5,54784.2,33.69,4.88,0.0137325,1,307.7,13.4,2.9411,9.3,17.5,17.308,1.39,9.38
2003.49,54633.2,33.69,4.88,0.0137325,1,307.7,13.4,2.93462,9.3,17.5,17.328,1.39,9.38
2003.48,54288.6,33.67,-1.42,0.01343531,1,-176.2,9.2,2.93696,11.02,17.5,17.332,1.05,9.72
2003.47,54323.6,33.67,-1.42,0.01343531,1,-176.2,9.2,2.9451,11.02,18.1428571428571,18.23,1.05,9.72
2003.46,53896.8,33.67,-1.42,0.01343531,1,-176.2,9.2,2.90976,11.02,19,18.846,1.05,9.72
2003.45,53871.6,33.67,-1.42,0.01343531,1,-176.2,9.2,2.86338,11.02,19,18.85,1.05,9.72
2003.44,54235,33.67,-1.42,0.01343531,1,-176.2,9.2,2.85884,11.02,19,18.85,1.05,9.72
2003.43,53683.8,33.25,-3.04,0.0164206,1,39,2.7,2.86952,13.98,19.4285714285714,19.442,1.32,10.31
2003.42,52728,33.25,-3.04,0.0164206,1,39,2.7,2.84216,13.98,20,19.84,1.32,10.31
2003.41,52918.4,33.25,-3.04,0.0164206,1,39,2.7,2.85442,13.98,20,19.84,1.32,10.31
2003.4,52702.8,33.25,-3.04,0.0164206,1,39,2.7,2.91012,13.98,20,19.836,1.32,10.31
2003.39,52606.6,33.91,-2.75,0.01679509,1,1283.9,12.5,2.92178,15.14,20,19.85,1.44,10.48
2003.38,51763.2,33.91,-2.75,0.01679509,1,1283.9,12.5,2.89924,15.14,20.8571428571429,21.042,1.44,10.48
2003.37,50904.4,33.91,-2.75,0.01679509,1,1283.9,12.5,2.91072,15.14,22,21.84,1.44,10.48
2003.36,47734.8,33.91,-2.75,0.01679509,1,1283.9,12.5,2.95662,15.14,22,21.836,1.44,10.48
2003.35,47736.2,34.38,-1.8,0.01774261,1,1193.9,2.6,2.97442,15.07,22,21.836,1.05,10.49
2003.34,48173.8,34.38,-1.8,0.01774261,1,1193.9,2.6,2.99578,15.07,23.0714285714286,23.31,1.05,10.49
2003.33,48090.2,34.38,-1.8,0.01774261,1,1193.9,2.6,3.01122,15.07,24.5,24.346,1.05,10.49
2003.32,47619.4,34.38,-1.8,0.01774261,1,1193.9,2.6,3.02914,15.07,24.5,24.352,1.05,10.49
2003.31,47803.2,34.38,-1.8,0.01774261,1,1193.9,2.6,2.94508,15.07,24.5,24.306,1.05,10.49
2003.3,47944.6,33.86,-2.28,0.02084247,1,720.6,8.8,2.88756,15.43,25.1428571428571,25.124,1.2,10.55
2003.29,47730,33.86,-2.28,0.02084247,1,720.6,8.8,2.86642,15.43,26,25.736,1.2,10.55
2003.28,47870.6,33.86,-2.28,0.02084247,1,720.6,8.8,2.88242,15.43,26,25.752,1.2,10.55
2003.27,48046.4,33.86,-2.28,0.02084247,1,720.6,8.8,2.84026,15.43,26,25.76,1.2,10.55
2003.26,48812.4,33.05,-0.65,0.01856679,1,435.1,26.7,2.8743,16.57,26,25.76,0.92,10.56
2003.25,49957.75,33.05,-0.65,0.01856679,1,435.1,26.7,2.877175,16.57,26.2857142857143,26.1325,0.92,10.56
2003.24,43392.4,33.05,-0.65,0.01856679,1,435.1,26.7,2.86334,16.57,26.5,26.266,0.92,10.56
2003.23,43367.8,33.05,-0.65,0.01856679,1,435.1,26.7,2.91904,16.57,26.5,26.262,0.92,10.56
2003.22,43432,33.05,-0.65,0.01856679,1,435.1,26.7,2.98212,16.57,26.5,26.278,0.92,10.56
2003.21,43277.4,33.28,-2.41,0.01965352,1.25,858.2,1.2,2.98704,17.24,26.5,26.312,1.03,10.53
2003.2,43178.4,33.28,-2.41,0.01965352,1.25,858.2,1.2,2.90698,17.24,26.5,26.32,1.03,10.53
2003.19,42934.4,33.28,-2.41,0.01965352,1.25,858.2,1.2,2.9548,17.24,26.5,26.32,1.03,10.53
2003.18,41433.25,33.28,-2.41,0.01965352,1.25,858.2,1.2,2.930575,17.24,26.5,26.32,1.03,10.53
2003.17,41211.75,32.64,-7.29,0.01871595,1.25,-965.2,2.5,3.02345,16.77,26.5,26.32,1.36,10.32
2003.16,41017.5,32.64,-7.29,0.01871595,1.25,-965.2,2.5,3.100325,16.77,26.5,26.32,1.36,10.32
2003.15,42686.4,32.64,-7.29,0.01871595,1.25,-965.2,2.5,3.19066,16.77,26.5,26.32,1.36,10.32
2003.14,42302,32.64,-7.29,0.01871595,1.25,-965.2,2.5,3.29434,16.77,26.5,26.316,1.36,10.32
2003.13,41989.6,36.21,-2.49,0.01777019,1.25,153.1,0.7,3.38994,16.57,26.5,26.33,1.33,9.97
2003.12,40148.4,36.21,-2.49,0.01777019,1.25,153.1,0.7,3.45236,16.57,26.5,26.334,1.33,9.97
2003.11,38317.2,36.21,-2.49,0.01777019,1.25,153.1,0.7,3.46712,16.57,26.5,26.302,1.33,9.97
2003.1,38400.3333333333,36.21,-2.49,0.01777019,1.25,153.1,0.7,3.53023333333333,16.57,26.5,26.2866666666667,1.33,9.97
2003.09,38622.4,36.21,-2.49,0.01777019,1.25,153.1,0.7,3.58364,16.57,26.5,26.294,1.33,9.97
2003.08,38389,37.75,-3.51,0.0183038,1.25,-228.6,1.3,3.6044,15.85,26.0714285714286,25.692,1.32,9.64
2003.07,38528,37.75,-3.51,0.0183038,1.25,-228.6,1.3,3.61442,15.85,25.5,25.34,1.32,9.64
2003.06,38845,37.75,-3.51,0.0183038,1.25,-228.6,1.3,3.56056,15.85,25.5,25.384,1.32,9.64
2003.05,38821.6,37.75,-3.51,0.0183038,1.25,-228.6,1.3,3.60612,15.85,25.5,25.394,1.32,9.64
2003.04,38899.4,37.54,-5.28,0.01971266,1.25,138.5,1.1,3.49036,14.47,25.2857142857143,25.1,0.99,9.18
2003.03,38806.6,37.54,-5.28,0.01971266,1.25,138.5,1.1,3.30532,14.47,25,24.9,0.99,9.18
2003.02,38238.8,37.54,-5.28,0.01971266,1.25,138.5,1.1,3.32852,14.47,25,24.9,0.99,9.18
2003.01,44572.2,37.54,-5.28,0.01971266,1.25,138.5,1.1,3.13178,14.47,21.8125,19.76,0.99,9.18
2002.52,38554,37.67,3.35,0.01742449,1.25,-111.4,2.3,3.515525,12.53,25,24.9,1.17,9.04
2002.51,35538,37.67,3.35,0.01742449,1.25,-111.4,2.3,3.53572,12.53,23.7142857142857,23.1,1.17,9.04
2002.5,35491,37.67,3.35,0.01742449,1.25,-111.4,2.3,3.76992,12.53,22,21.9,1.17,9.04
2002.49,35602,37.67,3.35,0.01742449,1.25,-111.4,2.3,3.69748,12.53,22,21.9,1.17,9.04
2002.48,35581.2,37.67,3.35,0.01742449,1.25,-111.4,2.3,3.59314,12.53,22,21.9,1.17,9.04
2002.47,35682,38.41,-1.15,0.01540931,1.25,-174.5,8.8,3.54602,10.93,21.5714285714286,21.3,1.24,9.12
2002.46,35992.75,38.41,-1.15,0.01540931,1.25,-174.5,8.8,3.592525,10.93,21,20.9,1.24,9.12
2002.45,35959.6,38.41,-1.15,0.01540931,1.25,-174.5,8.8,3.57016,10.93,21,20.9,1.24,9.12
2002.44,35771.4,38.41,-1.15,0.01540931,1.25,-174.5,8.8,3.71246,10.93,21,20.9,1.24,9.12
2002.43,35467.2,39.12,-3.24,0.01645925,1.75,-56.4,0.5,3.88026,8.45,21,20.9,1.18,9.51
2002.42,35793.8,39.12,-3.24,0.01645925,1.75,-56.4,0.5,3.87856,8.45,20.5714285714286,20.3,1.18,9.51
2002.41,37412,39.12,-3.24,0.01645925,1.75,-56.4,0.5,3.8193,8.45,18,17.9,1.18,9.51
2002.4,38178.8,39.12,-3.24,0.01645925,1.75,-56.4,0.5,3.71794,8.45,18,17.9,1.18,9.51
2002.39,38905,40.91,-4.83,0.01381266,1.75,1196.9,15,3.69956,7.93,18,17.9,1.16,9.84
2002.38,39579,40.91,-4.83,0.01381266,1.75,1196.9,15,3.30984,7.93,18,17.9,1.16,9.84
2002.37,38873.2,40.91,-4.83,0.01381266,1.75,1196.9,15,3.13032,7.93,18,17.9,1.16,9.84
2002.36,37609.8,40.91,-4.83,0.01381266,1.75,1196.9,15,3.11788,7.93,18,17.876,1.16,9.84
2002.35,37664,40.91,-4.83,0.01381266,1.75,1196.9,15,3.08836,7.93,18,17.828,1.16,9.84
2002.34,37869.6,35.55,-1.11,0.01443404,1.75,274.9,4.3,3.10824,7.46,18,17.838,1.05,10.01
2002.33,38573.2,35.55,-1.11,0.01443404,1.75,274.9,4.3,3.1714,7.46,18,17.842,1.05,10.01
2002.32,39209.4,35.55,-1.11,0.01443404,1.75,274.9,4.3,3.04494,7.46,18,17.852,1.05,10.01
2002.31,39242,35.55,-1.11,0.01443404,1.75,274.9,4.3,3.24006,7.46,18,17.848,1.05,10.01
2002.3,40092.6,38.12,-1.65,0.01535435,1.75,-581.5,2.3,2.94852,7.51,18,17.878,1.16,9.99
2002.29,40462.4,38.12,-1.65,0.01535435,1.75,-581.5,2.3,2.86704,7.51,18.2142857142857,18.19,1.16,9.99
2002.28,40593.2,38.12,-1.65,0.01535435,1.75,-581.5,2.3,2.84364,7.51,18.5,18.402,1.16,9.99
2002.27,41064.8,38.12,-1.65,0.01535435,1.75,-581.5,2.3,2.8716,7.51,18.5,18.398,1.16,9.99
2002.26,42068.2,34.68,-1.44,0.01329033,1.75,-1328.7,9.4,2.8377,7.66,18.5,18.41,1.35,9.99
2002.25,34600.8,34.68,-1.44,0.01329033,1.75,-1328.7,9.4,2.71936,7.66,18.5,18.404,1.35,9.99
2002.24,32893.6,34.68,-1.44,0.01329033,1.75,-1328.7,9.4,2.6924,7.66,18.5,18.328,1.35,9.99
2002.23,32941.6,34.68,-1.44,0.01329033,1.75,-1328.7,9.4,2.60644,7.66,18.5,17.262,1.35,9.99
2002.22,32827.75,34.68,-1.44,0.01329033,1.75,-1328.7,9.4,2.522425,7.66,18.5,18.3275,1.35,9.99
2002.21,32793.4,32.62,-1.5,0.01414989,1.75,-1942.2,10.2,2.50152,7.77,18.5,18.402,0.91,10.16
2002.2,33044,32.62,-1.5,0.01414989,1.75,-1942.2,10.2,2.4957,7.77,18.5,18.412,0.91,10.16
2002.19,33076,32.62,-1.5,0.01414989,1.75,-1942.2,10.2,2.44398,7.77,18.5,18.318,0.91,10.16
2002.18,33146.25,32.62,-1.5,0.01414989,1.75,-1942.2,10.2,2.380825,7.77,18.5,18.275,0.91,10.16
2002.17,37111.8,31.5,-4.76,0.01483567,1.75,-2008.8,17.6,2.35252,7.98,18.5,18.36,0.95,10.55
2002.16,36842,31.5,-4.76,0.01483567,1.75,-2008.8,17.6,2.32226,7.98,18.5,18.398,0.95,10.55
2002.15,36985.6,31.5,-4.76,0.01483567,1.75,-2008.8,17.6,2.28348,7.98,18.5,18.4,0.95,10.55
2002.14,37087,31.5,-4.76,0.01483567,1.75,-2008.8,17.6,2.30522,7.98,18.5,18.414,0.95,10.55
2002.13,36699,31.41,-1.95,0.01371333,1.75,-1042,1.3,2.34375,7.75,18.5,18.54,0.76,10.81
2002.12,36756.6,31.41,-1.95,0.01371333,1.75,-1042,1.3,2.34402,7.75,18.6071428571429,18.696,0.76,10.81
2002.11,36699.8,31.41,-1.95,0.01371333,1.75,-1042,1.3,2.34668,7.75,18.75,18.8,0.76,10.81
2002.1,35827.6,31.41,-1.95,0.01371333,1.75,-1042,1.3,2.34896,7.75,18.75,18.8,0.76,10.81
2002.09,35889.4,31.41,-1.95,0.01371333,1.75,-1042,1.3,2.37828,7.75,18.75,18.798,0.76,10.81
2002.08,35946.8,31.69,-1.92,0.01248215,1.75,-1112.3,6.9,2.42662,7.51,18.8571428571429,18.95,0.74,10.8
2002.07,36107.6666666667,31.69,-1.92,0.01248215,1.75,-1112.3,6.9,2.4287,7.51,19,19.05,0.74,10.8
2002.06,36198.4,31.69,-1.92,0.01248215,1.75,-1112.3,6.9,2.43714,7.51,19,19.05,0.74,10.8
2002.05,36194.4,31.69,-1.92,0.01248215,1.75,-1112.3,6.9,2.4238,7.51,19,19.05,0.74,10.8
2002.04,36401.6,32.22,-6.26,0.01533959,1.75,-1211,0.7,2.3848,7.62,19,19.05,0.75,10.31
2002.03,36523.4,32.22,-6.26,0.01533959,1.75,-1211,0.7,2.38074,7.62,19,19.05,0.75,10.31
2002.02,35723.2,32.22,-6.26,0.01533959,1.75,-1211,0.7,2.3748,7.62,19,19.05,0.75,10.31
2002.01,36612,32.22,-6.26,0.01533959,1.75,-1211,0.7,2.7953,7.62,20.5,21.39,0.75,10.31
2001.52,36137,31.3,5.25,0.01393542,1.75,-1845.5,8.2,2.32355,7.67,19,19.05,0.55,10.11
2001.51,36502.8,31.3,5.25,0.01393542,1.75,-1845.5,8.2,2.32906,7.67,19,19.05,0.55,10.11
2001.5,36767.2,31.3,5.25,0.01393542,1.75,-1845.5,8.2,2.36468,7.67,19,19.05,0.55,10.11
2001.49,37058.8,31.3,5.25,0.01393542,1.75,-1845.5,8.2,2.43414,7.67,19,19.05,0.55,10.11
2001.48,37205.8,31.3,5.25,0.01393542,1.75,-1845.5,8.2,2.49428,7.67,19,19.05,0.55,10.11
